url_count,url_length_mean,has_suspicious_tld,has_ip_in_url,has_url_shortener,num_subdomains,sender_domain_mismatch,sender_reply_mismatch,external_sender,spf_pass,dkim_pass,dmarc_pass,subject_length,body_length,num_html_links,has_urgency_keyword,has_credential_request,has_money_keyword,spelling_errors,num_uppercase_words,has_attachment,attachment_is_macro,attachment_is_exe,attachment_size_kb,num_received_hops,is_reply,is_forwarded,label
4,86.66910303682212,1,0,0,3,1,1,1,1,1,0,58,270,12,1,0,0,4,14,0,0,0,605.4233618872152,4,1,0,PHISHING
4,91.41421258702978,1,0,0,2,1,0,1,0,1,0,92,111,17,1,1,1,2,14,1,0,0,457.3895166866856,5,0,0,PHISHING
7,77.85400726108422,1,0,NAN,3,1,0,1,1,0,0,57,1255,7,1,0,0,2,0,0,0,0,137.117588190326,8,0,0,PHISHING
6,62.71461331063056,0,0,0,1,1,0,0,0,1,0,34,1646,9,0,1,1,1,4,1,1,1,446.4170172576545,7,0,0,PHISHING
1,53.808887502041884,0,0,0,2,0,1,0,0,0,1,79,436,0,1,0,0,0,5,1,0,0,100.42823451061798,3,0,0,BENIGN
6,81.62223009173803,1,0,0,3,1,1,1,1,0,0,94,1496,19,1,0,0,4,2,0,1,1,103.23447255918323,4,0,1,PHISHING
1,111.37796828995548,0,0,0,3,1,1,1,1,0,0,46,1339,7,1,1,0,6,8,1,1,0,0.0,3,0,0,PHISHING
4,77.58420589379999,0,0,1,2,1,1,1,0,0,1,30,419,9,1,1,1,6,3,1,0,0,167.16432224109326,3,0,0,PHISHING
4,75.58775543405595,0,0,1,3,0,0,1,1,0,0,33,1737,11,0,0,0,7,4,0,0,0,469.62514485128145,3,1,0,PHISHING
3,38.13450853564761,1,0,0,1,0,0,0,1,1,1,27,1025,7,0,0,0,2,4,0,0,0,352.531306472755,4,1,0,BENIGN
4,52.67824427473128,1,1,1,2,1,1,1,0,0,1,46,326,8,0,0,1,1,5,1,0,0,134.1171198288606,6,0,0,PHISHING
1,27.325445653277015,0,0,1,1,1,0,1,1,1,0,51,1602,0,0,0,0,3,7,0,0,0,593.7689758888091,2,0,0,BENIGN
3,89.80427286654506,1,0,0,3,0,0,1,1,0,0,47,1400,14,1,0,0,0,5,1,0,0,281.29484151072165,4,0,0,PHISHING
6,82.57703575926837,1,0,1,3,1,1,1,1,0,1,44,493,10,1,0,0,4,8,0,1,0,117.57704356913166,3,0,0,PHISHING
4,116.14735455677129,0,0,0,3,1,1,1,1,0,0,68,1391,9,1,1,0,5,5,0,1,1,549.3786354858153,8,0,0,PHISHING
5,61.66443655498334,1,0,1,2,0,0,1,0,0,0,102,272,11,0,1,1,6,5,1,1,0,238.16435151202586,5,0,0,PHISHING
1,42.1298401995741,0,0,1,1,0,0,1,1,0,0,22,322,1,0,0,1,2,3,1,1,0,322.2094270399371,5,0,0,BENIGN
2,53.36999912451316,0,0,0,4,1,1,1,0,0,0,45,412,13,1,0,1,8,11,0,0,0,93.37584656858682,5,0,0,PHISHING
1,79.13646502123477,1,0,0,1,1,0,1,0,0,0,33,1018,2,1,0,0,5,8,0,1,0,115.67619312768468,7,1,1,PHISHING
3,45.76713087828243,0,0,0,2,0,0,1,1,1,0,79,1918,5,0,0,0,0,7,0,0,0,0.0,5,0,0,BENIGN
6,54.609096760032955,0,0,1,3,0,0,1,1,1,0,99,105,18,1,1,0,4,4,1,0,0,500.9551407082218,3,1,0,PHISHING
3,64.91529198401537,0,0,0,2,0,0,0,0,1,1,73,2082,6,0,0,0,2,1,0,0,0,254.00338043670106,2,1,1,BENIGN
3,32.90101643538941,0,0,0,1,0,0,0,1,1,1,17,1474,10,1,0,0,1,3,0,0,0,124.58081325811916,5,1,0,BENIGN
7,58.895274328253564,1,0,0,4,1,0,1,0,0,0,87,1671,18,1,0,0,3,1,1,1,0,152.45744718287048,6,0,0,PHISHING
1,76.1547079358063,0,0,0,1,0,0,0,1,1,1,92,450,9,1,0,0,0,1,1,0,0,211.7360799887682,2,0,0,BENIGN
3,45.09508593543403,0,0,0,2,0,0,0,1,1,1,28,756,8,1,0,0,2,2,1,0,0,96.5345613117247,3,1,0,BENIGN
0,69.24314522476811,0,0,0,1,0,0,0,1,1,0,33,1822,0,0,0,0,2,3,1,0,0,142.58277607630248,2,0,0,BENIGN
2,79.17229175053961,1,0,0,2,1,1,0,1,0,1,25,251,18,1,0,1,5,12,1,1,1,96.03326628864252,6,1,0,PHISHING
4,86.50590432337532,1,0,0,3,1,1,1,0,1,0,101,1366,5,0,1,0,1,14,0,1,0,60.20152739609854,7,0,0,PHISHING
3,79.95128420986215,0,0,0,2,0,1,1,0,0,1,25,1652,4,0,1,0,5,3,1,0,0,217.80197138937731,3,1,0,PHISHING
4,69.16674222749431,0,0,0,1,1,0,1,1,1,0,20,1657,5,0,0,0,1,5,1,0,0,457.4269877350572,4,0,1,BENIGN
2,20.96610688411612,0,0,0,2,0,0,1,1,1,1,24,740,2,0,0,0,3,4,1,0,0,210.99951690192452,2,1,0,BENIGN
7,54.71240272230267,0,1,1,4,1,1,1,1,0,1,86,833,7,0,1,1,4,11,1,1,0,732.9773125490535,7,0,0,PHISHING
2,29.690654707299938,0,0,0,1,0,0,0,0,1,1,56,1278,5,0,0,0,0,1,1,0,0,89.63060199200211,3,0,0,BENIGN
1,51.69483221314596,0,0,0,1,0,0,0,1,1,1,33,1536,3,0,1,0,1,6,0,0,0,389.27401434441754,2,1,0,BENIGN
1,49.929930034237216,0,0,0,1,0,0,1,0,1,0,18,1657,11,0,0,0,3,4,0,0,0,0.0,2,1,0,BENIGN
5,84.82215621741555,1,0,0,4,1,1,0,0,1,1,29,393,4,1,1,0,3,8,1,0,0,3.3012978429559894,6,0,0,PHISHING
7,86.55715521226531,0,0,0,3,1,0,1,1,0,0,43,921,5,1,1,0,8,2,1,0,0,465.97379264315856,6,0,0,PHISHING
5,50.542456598672956,1,0,0,2,1,1,1,0,1,1,79,572,10,0,1,1,7,7,0,1,0,356.37737032088467,4,0,0,PHISHING
3,57.95742020547282,0,0,0,1,0,0,0,1,0,1,60,2360,7,0,1,0,0,1,0,0,0,254.75693188677113,2,0,0,BENIGN
0,43.98029616023393,0,0,0,1,0,0,1,1,1,1,39,441,9,0,0,0,1,0,1,0,0,458.59828746543053,5,1,1,BENIGN
1,54.131422083366594,0,0,0,2,0,0,1,1,0,1,88,1499,8,0,0,0,1,1,1,0,0,260.4032218524654,4,0,1,BENIGN
0,40.39375172498135,0,0,0,2,0,0,0,0,1,1,41,1252,7,0,0,1,1,0,1,1,0,286.18731533275417,4,1,0,BENIGN
6,96.38875868511946,1,0,0,2,0,1,0,1,0,0,71,209,3,1,1,0,0,5,0,1,0,148.28280596199346,7,0,1,PHISHING
0,48.71498851663415,0,0,0,1,0,0,0,1,1,1,23,1959,2,1,0,0,3,7,0,0,0,61.977819793057364,2,1,0,BENIGN
3,30.44775720522881,0,0,0,2,0,0,0,0,1,1,75,1645,3,0,0,0,0,7,0,0,0,0.0,5,0,1,BENIGN
7,111.67057325468797,1,0,0,2,0,1,1,0,0,0,55,183,12,0,0,0,3,10,1,0,1,1.6572207149806673,6,0,0,PHISHING
3,70.09353207438207,1,0,1,2,1,0,0,0,0,0,25,1133,4,0,1,1,4,0,1,1,0,0.0,4,0,0,PHISHING
1,63.77587512847792,0,0,0,2,0,0,1,1,0,0,34,2291,4,0,0,1,3,6,0,1,0,0.0,4,1,0,BENIGN
1,88.76189805021536,0,0,0,2,0,0,1,0,0,0,50,247,11,0,1,0,0,4,0,0,0,50.329367735060856,6,0,0,PHISHING
1,70.36474445451191,0,0,1,2,1,0,1,1,0,0,42,644,12,1,0,0,1,11,0,0,0,318.8846755143701,5,0,0,PHISHING
7,40.33680104037886,1,0,0,3,1,1,1,1,0,0,26,1154,12,0,0,0,5,6,1,0,0,259.116476760153,6,0,0,PHISHING
0,10.0,0,0,0,2,0,0,1,0,1,1,38,1708,11,0,0,0,2,0,0,0,0,344.6679781666044,4,0,0,BENIGN
4,82.76911908834802,0,0,0,4,1,1,1,1,0,1,69,1222,9,1,1,1,5,0,1,0,0,11.225492191021772,6,0,0,PHISHING
4,47.33143991502699,0,0,0,2,0,0,0,1,1,1,93,1370,2,0,0,1,0,0,0,0,0,0.0,4,1,0,BENIGN
2,76.39752463395892,0,0,0,2,0,1,0,1,1,1,52,2078,11,1,0,0,1,6,1,0,0,391.76190306442413,5,0,1,BENIGN
1,68.68431682330372,0,1,0,4,0,1,0,0,0,0,96,500,12,0,1,1,8,0,0,0,1,121.35422534654627,3,0,0,PHISHING
2,30.19714382357644,0,0,0,2,0,0,0,1,0,1,19,1261,1,1,0,1,1,1,0,0,0,250.5725151854126,4,1,1,BENIGN
2,28.239238305155883,1,0,0,2,0,0,1,1,1,1,87,2065,5,1,0,1,2,4,0,0,0,110.82042256999185,3,1,0,BENIGN
1,113.74529009663395,0,0,0,2,0,1,1,1,0,1,40,1286,5,1,0,0,6,10,0,0,0,NAN,8,0,0,PHISHING
4,33.20151337343747,1,0,0,1,0,0,0,1,0,1,92,652,4,1,0,0,0,2,1,0,0,617.6624759373572,3,1,1,BENIGN
2,39.42128128018065,0,0,0,1,1,0,0,1,1,1,37,478,5,0,0,0,3,7,0,0,0,395.51738148873676,4,1,0,BENIGN
3,95.60877773045051,0,0,0,2,0,1,1,1,0,1,102,1336,3,1,1,1,2,0,0,1,0,332.39309871078456,7,0,0,PHISHING
3,74.26518840189449,0,0,0,1,0,0,1,1,1,1,81,142,5,0,0,0,0,6,1,0,0,160.06669215641574,4,1,0,BENIGN
7,102.1598064810386,1,0,0,1,1,0,1,0,1,0,102,1090,15,0,1,1,0,2,0,1,1,0.0,8,0,0,PHISHING
6,102.38391752444468,1,0,0,3,0,0,1,0,1,0,59,588,14,1,1,0,2,12,0,1,0,144.92980232227328,4,0,0,PHISHING
6,60.37641210378722,0,1,0,4,1,0,1,1,0,1,83,1149,14,1,1,1,2,5,1,0,0,0.0,4,0,1,PHISHING
2,93.40748035022649,1,0,0,4,0,1,1,0,0,1,67,1077,9,0,1,0,1,0,1,0,0,158.38783614649444,8,0,0,PHISHING
3,51.584897381074484,0,0,1,1,0,0,1,1,1,0,93,358,8,0,0,0,3,2,1,0,0,732.0668977566816,4,1,0,BENIGN
5,133.40257000756284,1,0,0,2,1,1,1,0,0,0,81,1498,19,0,0,0,1,7,0,0,0,23.4012748656385,4,0,0,PHISHING
3,50.52534919050988,0,0,0,2,0,0,0,1,1,0,63,1636,8,0,0,0,1,6,1,0,0,82.42368109266764,2,1,0,BENIGN
3,NAN,1,0,0,2,1,0,0,1,1,1,20,1075,6,0,0,0,3,5,0,0,0,414.81329512738785,2,0,0,BENIGN
4,99.29768664163593,1,0,0,2,0,0,1,1,0,1,31,446,9,0,0,1,6,10,1,1,0,451.1265731486355,5,1,0,PHISHING
1,86.45216016479428,1,0,0,4,1,1,1,0,1,0,43,539,12,1,1,1,8,0,0,0,0,174.11734411569734,5,0,0,PHISHING
4,54.562063539766825,0,0,0,1,0,0,1,1,1,1,86,496,3,0,0,0,1,4,1,0,0,54.638047276975016,2,1,0,BENIGN
2,38.27153687957468,0,0,0,1,0,0,1,1,0,1,64,490,7,0,0,0,3,5,0,0,0,299.5846009038012,5,1,1,BENIGN
6,88.46086298374662,0,0,1,4,1,1,1,0,0,1,92,1334,11,1,1,0,2,4,0,0,0,193.56490332495804,3,0,1,PHISHING
3,58.91157722337271,0,0,0,2,0,0,1,1,1,1,72,2200,4,0,0,1,2,5,1,0,0,195.06506715081247,4,1,0,BENIGN
4,131.9962506236324,0,0,1,4,0,1,1,1,0,0,78,262,2,1,1,1,4,9,1,1,0,439.326400000902,7,0,0,PHISHING
2,50.77556906484151,1,0,0,1,0,0,1,1,1,1,22,1037,6,0,0,0,3,5,0,0,0,0.0,5,1,0,BENIGN
6,86.37024649558255,1,0,1,4,1,1,1,0,0,0,72,1457,17,0,0,1,5,13,1,0,1,202.79717349208767,6,NAN,0,PHISHING
4,70.98467408114917,0,0,0,1,0,0,1,1,1,0,29,1739,6,0,0,1,1,1,1,0,0,487.3748579717636,4,1,0,BENIGN
2,58.467231126158225,0,0,1,1,0,0,1,1,1,1,20,1143,4,0,0,1,2,2,1,0,0,555.490469195902,5,1,0,BENIGN
1,62.66117833466541,0,0,0,1,0,0,0,1,0,1,60,2487,10,1,0,0,0,3,1,0,0,365.81878070174764,5,1,0,BENIGN
4,50.01442692746572,0,0,1,2,0,0,0,0,1,1,94,1734,2,0,0,0,1,0,0,0,0,88.19889501767227,4,1,0,BENIGN
3,85.673147543701,1,0,0,3,1,1,1,1,1,1,38,1347,17,1,1,1,2,5,0,1,0,275.3433910843873,5,0,0,PHISHING
4,87.22257090538582,0,1,0,2,1,1,1,1,1,1,104,1615,6,0,1,1,8,4,0,0,0,403.67820994451756,4,0,1,PHISHING
7,155.73047905521253,1,0,0,2,1,1,1,1,0,1,100,1744,19,1,1,0,1,1,0,0,0,356.86144989249476,6,0,0,PHISHING
6,62.48322549870069,1,0,1,3,0,1,1,0,0,1,78,201,10,0,0,0,2,2,1,0,0,0.0,8,0,0,PHISHING
0,23.278091108774287,0,0,0,2,1,0,0,1,1,1,87,1312,9,1,1,0,0,3,0,0,0,216.90468931448152,4,1,1,BENIGN
4,36.99821479252913,0,0,0,1,0,0,1,1,0,1,32,1023,1,0,0,0,1,6,0,0,0,263.12002966851884,5,0,0,BENIGN
4,32.59942429624658,1,0,0,1,0,0,1,0,1,1,80,1974,1,0,0,0,2,7,0,0,0,25.531925849488744,4,1,1,BENIGN
2,87.03424859884339,1,1,0,4,1,1,1,1,0,0,39,158,7,0,1,0,1,5,0,1,0,746.4882615285185,7,0,1,PHISHING
2,32.49946791075891,0,0,0,2,0,0,0,1,0,1,33,1311,11,0,0,0,0,6,0,0,0,199.56474720373063,3,1,0,BENIGN
5,90.65299012864007,1,0,0,4,1,0,1,0,0,1,82,264,11,1,1,1,6,2,0,1,0,0.0,3,1,1,PHISHING
2,42.49608104837152,0,0,0,2,0,0,0,1,1,1,25,994,2,1,0,0,1,4,1,0,0,328.4667504828717,3,1,0,BENIGN
2,70.19452090213244,0,0,0,3,0,1,1,1,0,0,42,1173,9,1,1,0,7,4,1,0,0,726.5132166484036,4,0,0,PHISHING
3,54.56300716346544,0,0,1,1,0,0,0,1,1,1,38,1476,2,0,0,1,0,7,1,0,0,418.38966650652515,5,1,1,BENIGN
4,39.98315741466185,0,1,0,1,0,0,1,1,0,1,88,358,6,0,0,0,2,4,0,1,0,314.5910585800089,5,1,1,BENIGN
6,145.52617590717045,1,1,0,2,1,0,1,0,1,0,84,608,9,1,1,1,7,6,1,0,0,0.0,7,0,0,PHISHING
1,83.30923651809958,1,0,1,2,1,1,1,1,1,0,41,802,10,1,1,1,3,9,0,0,0,297.7174324680597,7,0,0,PHISHING
0,25.78396189731252,0,0,0,1,0,0,0,1,1,1,72,2412,2,0,0,1,3,2,0,0,0,220.35878272143037,2,1,0,BENIGN
2,78.78332769731598,1,0,1,4,1,1,1,1,0,0,68,188,17,1,1,1,1,6,0,1,1,0.0,8,0,0,PHISHING
3,22.574087546591926,0,0,0,2,0,0,0,1,1,1,58,1242,7,0,0,0,1,6,0,0,0,551.615436908819,5,1,0,BENIGN
5,117.70360233765123,0,0,0,1,1,1,1,0,0,0,89,622,9,0,1,0,7,5,0,1,0,304.2016422976433,7,0,0,PHISHING
2,86.74223447652726,0,1,0,4,1,1,1,0,0,0,62,1142,19,1,1,1,8,5,0,0,0,0.0,5,0,0,PHISHING
7,74.71432778434328,0,1,0,3,1,1,1,1,0,1,90,916,16,1,1,1,5,3,1,0,0,304.82666923519207,8,0,0,PHISHING
4,73.49772699640292,0,0,0,2,1,0,1,0,1,0,39,370,17,0,0,1,7,7,1,0,0,0.0,7,0,0,PHISHING
1,10.0,0,0,1,2,0,0,1,0,1,0,37,1405,11,1,0,0,2,1,0,0,0,397.1968209731182,4,0,0,BENIGN
7,90.80092689201757,1,0,0,1,0,0,1,0,0,1,68,1708,5,0,0,1,5,6,1,0,1,76.08143326352138,3,0,1,PHISHING
2,77.48185919540617,1,0,0,1,0,1,1,0,0,0,79,1116,11,0,1,1,2,10,1,0,0,421.1012238401322,4,0,0,PHISHING
3,42.67252524286517,1,0,0,4,0,1,1,1,1,0,33,124,8,1,1,1,0,6,0,0,0,308.7256937884316,4,0,0,PHISHING
6,73.37449772072561,0,0,0,3,1,1,1,1,0,0,93,1705,4,0,1,1,5,6,1,0,0,284.7992297492723,6,0,0,PHISHING
5,87.4249044284558,1,1,0,3,1,1,1,1,0,1,84,1163,11,1,1,1,1,11,1,1,0,783.9104816035099,5,0,0,PHISHING
0,37.22580236450588,0,0,0,1,0,1,0,1,0,1,59,1239,5,0,0,0,0,1,1,1,0,182.98577600749388,5,1,0,BENIGN
4,50.240259338406446,0,0,0,2,1,1,0,1,0,1,83,776,2,1,1,1,1,1,0,0,0,253.99358330720378,5,0,0,BENIGN
2,70.81154746748976,0,0,0,1,0,0,1,1,1,1,78,1945,0,0,0,0,0,1,0,0,0,428.9855382898498,5,0,1,BENIGN
3,89.69806484787881,0,0,1,1,1,1,0,0,0,0,47,1370,16,0,1,0,8,9,1,0,1,437.12845087063283,8,0,0,PHISHING
1,48.96916666589952,0,0,0,4,1,1,0,1,1,0,76,840,4,1,0,0,5,8,1,0,0,123.64598327066054,7,0,0,PHISHING
2,62.21718991100345,0,0,0,1,0,0,1,1,1,1,40,2427,7,0,0,0,2,4,0,0,0,302.4776873061457,3,1,0,BENIGN
3,103.77390762472959,0,0,0,4,1,0,1,1,0,0,63,773,17,0,0,1,7,12,0,1,0,0.0,6,0,1,PHISHING
0,37.1592195574548,0,0,1,2,0,0,0,1,1,1,58,533,3,0,0,0,0,2,0,0,0,98.99939546003915,2,1,0,BENIGN
2,93.0864623777343,0,0,1,4,1,0,1,1,0,1,102,510,5,1,1,0,8,8,1,1,0,568.8458476001833,6,0,0,PHISHING
3,22.462448159386547,0,0,0,2,0,0,1,1,1,1,15,1400,11,0,0,0,3,0,1,0,0,205.67201982981132,2,1,0,BENIGN
2,48.346196139379124,0,0,0,1,0,0,1,0,1,1,61,1435,3,1,0,0,2,4,1,0,0,280.2314463358074,4,1,1,BENIGN
2,90.04893174656485,0,0,0,1,1,0,1,1,1,1,98,1515,5,1,1,1,4,9,1,1,0,326.5398927687095,6,0,0,PHISHING
5,53.22136558602318,0,0,0,3,1,0,0,0,0,1,48,87,13,0,1,1,0,3,1,1,0,124.81868605591285,7,0,1,PHISHING
3,38.11739260276049,0,0,0,1,0,0,0,1,1,0,80,1133,11,1,0,0,2,5,1,0,0,280.63438145191685,4,0,0,BENIGN
6,101.24297078514134,0,1,1,1,1,0,1,0,1,0,103,1003,14,1,1,1,1,7,1,0,0,358.48770664253067,7,0,0,PHISHING
1,64.89931197179772,0,1,0,2,1,1,1,1,1,0,64,1502,6,0,0,1,7,12,1,0,0,88.65179097919098,4,0,0,PHISHING
4,124.73246736344586,0,0,0,3,0,1,1,1,0,1,46,1342,5,1,0,0,6,7,0,1,0,414.99595516670763,3,0,0,PHISHING
4,68.7930656480724,1,0,1,2,0,1,1,1,0,0,58,709,5,1,1,1,1,6,1,0,0,102.28777384172751,8,1,0,PHISHING
2,36.60641570925766,0,0,1,1,0,1,0,NAN,1,1,87,1671,5,0,0,0,3,4,0,0,0,40.85798613432749,5,1,0,BENIGN
3,94.71217331997924,0,0,1,3,1,1,1,1,1,1,97,385,2,1,0,1,0,11,0,0,0,377.0949233760089,7,0,0,PHISHING
7,79.3728582661446,1,0,0,3,1,1,1,0,1,1,52,1286,6,1,1,0,6,8,0,0,0,0.0,5,0,1,PHISHING
0,18.64917326282126,0,0,0,1,0,1,1,1,1,1,61,1220,0,0,0,0,2,7,0,0,0,0.0,4,1,1,BENIGN
2,29.12195877032386,0,0,0,1,0,0,1,1,0,1,85,1166,0,1,0,0,2,5,1,0,0,292.78180189893254,4,0,0,BENIGN
1,49.99605558927382,0,0,0,1,1,0,0,1,0,1,43,1456,8,0,0,0,0,0,1,0,0,264.7651766812769,3,0,0,BENIGN
3,45.79733021366801,0,0,0,2,0,0,0,0,1,1,69,2004,0,1,1,0,1,4,0,0,0,0.0,2,1,0,BENIGN
2,40.551435696979375,1,0,0,1,0,0,0,0,1,1,47,2407,10,0,0,0,2,7,1,0,0,329.6263354016647,5,1,0,BENIGN
0,45.78700197534366,0,0,0,2,0,1,0,1,1,1,20,299,0,0,0,0,3,7,1,0,0,440.64097669825753,5,1,1,BENIGN
2,61.27930506668865,0,0,0,1,1,0,1,1,1,0,76,1768,2,0,0,1,1,5,1,0,0,92.4473919683453,3,0,0,BENIGN
1,73.16111696729047,1,0,0,1,1,1,1,1,1,1,28,1017,6,1,1,0,1,9,1,1,0,45.16096352409795,7,0,0,PHISHING
2,66.05732088099836,0,0,0,2,0,0,0,1,0,1,48,299,10,0,0,0,0,1,0,0,0,230.59686849055083,2,0,0,BENIGN
2,104.7411918697296,0,0,0,2,1,1,0,0,0,0,75,311,8,0,0,0,5,12,1,0,0,0.0,5,0,0,PHISHING
5,18.62094388635758,1,0,0,3,1,1,1,1,0,0,97,238,17,1,1,0,7,9,0,0,0,0.0,4,0,0,PHISHING
1,78.59265977326938,1,1,0,2,1,0,1,1,1,0,50,1639,6,1,1,1,5,9,1,1,0,556.1912254994022,7,0,0,PHISHING
3,51.4545203843633,0,0,0,2,0,0,0,1,0,1,66,2417,2,0,0,0,3,5,0,0,0,505.41621243732743,2,0,1,BENIGN
3,120.1874593487082,1,0,0,2,0,1,1,0,0,0,30,1180,15,1,1,0,5,4,1,0,1,84.02594403103403,7,0,0,PHISHING
0,58.50276846029945,0,0,0,2,0,0,0,1,1,1,85,940,5,0,0,0,3,1,1,0,0,306.6664758713842,4,1,0,BENIGN
7,88.5996839827893,0,0,1,1,1,0,1,0,0,0,98,909,11,0,1,0,2,13,1,1,0,353.3514715566594,3,0,0,PHISHING
2,47.95164144985436,0,1,0,1,1,0,1,1,0,0,36,829,8,0,0,0,2,7,0,0,0,207.7513440777441,4,1,0,BENIGN
6,91.17892760194262,1,0,1,4,1,1,1,1,1,0,41,1369,19,1,1,0,4,11,1,0,0,294.80475580295723,4,0,1,PHISHING
3,34.29187763945274,0,0,0,2,0,0,0,1,1,1,22,1205,1,0,0,0,3,2,1,0,0,13.841993435998802,3,0,0,BENIGN
6,70.91244302137878,1,1,1,4,1,1,0,1,1,0,104,991,4,1,1,1,4,13,0,1,0,0.0,3,0,1,PHISHING
3,30.360617758276426,0,0,0,1,0,0,0,1,1,1,67,875,9,0,0,0,1,2,0,0,0,0.0,2,1,1,BENIGN
0,49.446270012129894,0,0,0,2,0,0,1,1,1,0,23,231,1,0,0,0,3,2,1,0,0,197.9176572855178,4,1,0,BENIGN
6,48.90459544423947,1,0,1,2,1,1,1,0,1,0,39,991,19,1,0,1,4,3,0,1,0,627.6447107787833,5,0,0,PHISHING
4,40.07212165315659,1,0,0,2,0,0,0,1,1,1,34,2203,4,1,1,0,3,5,1,0,0,478.90802786157894,3,0,1,BENIGN
3,88.99828941814741,0,0,1,4,1,0,1,1,1,1,65,1015,10,0,1,1,2,7,0,0,1,357.81654602616834,6,1,0,PHISHING
3,66.70407919244363,1,0,0,4,1,0,1,0,1,1,62,924,15,0,1,0,2,11,1,1,0,0.0,7,0,0,PHISHING
5,71.36104523562886,0,1,1,2,1,1,1,1,0,1,61,931,3,0,1,0,4,14,0,0,1,0.0,5,0,1,PHISHING
7,89.82196722563062,1,0,0,4,1,0,1,0,0,0,57,623,15,0,1,0,2,7,1,1,1,208.99817082810534,3,0,0,PHISHING
4,41.84041911948036,1,0,1,4,0,0,1,1,0,0,28,1057,4,1,0,1,5,14,0,0,0,137.7780149296305,6,0,1,PHISHING
5,101.13030432758941,1,1,1,2,1,1,1,1,1,0,75,665,16,0,1,1,0,12,1,0,1,253.11125001975634,8,0,0,PHISHING
5,100.8284599545711,1,0,1,2,1,1,1,0,0,1,76,635,6,1,1,1,6,2,1,1,0,277.60836230478577,3,0,0,PHISHING
1,32.606558004540716,0,0,0,1,0,0,1,0,1,1,66,298,4,0,0,1,1,7,0,0,0,648.137958879208,4,1,0,BENIGN
5,91.69248001272744,0,0,0,2,1,0,1,1,0,0,30,1058,10,1,1,1,8,2,0,1,0,0.0,5,0,0,PHISHING
1,29.516059941332447,0,0,0,1,1,0,0,1,1,1,39,545,10,0,0,0,0,1,1,0,0,407.31994693209083,3,1,0,BENIGN
3,75.52609954096602,0,0,0,1,0,0,0,1,1,1,73,1875,6,0,0,0,3,7,0,0,0,342.955772420105,2,0,1,BENIGN
4,35.450770753466465,0,0,0,1,0,0,0,1,1,1,20,2061,4,0,0,0,1,7,0,0,0,440.9029693205671,3,0,0,BENIGN
0,10.788932319421157,0,0,0,2,0,0,0,1,1,1,55,439,4,0,0,1,0,6,1,0,0,207.81185468913893,3,0,0,BENIGN
1,57.206455349493154,0,0,0,1,0,0,0,1,1,1,65,1492,11,0,0,1,1,1,1,0,0,258.32206973920285,2,1,1,BENIGN
7,53.31351895403712,1,0,1,2,1,1,1,0,0,0,76,897,10,1,1,1,2,12,1,0,0,279.31367000843613,7,0,0,PHISHING
1,28.206961870942106,1,0,0,2,1,0,0,1,1,1,44,1882,0,1,0,0,3,5,1,0,0,370.90807982647186,4,0,0,BENIGN
4,56.44389723505405,0,0,0,1,0,0,1,1,1,1,29,2169,9,0,0,0,0,7,0,0,0,408.96964098307024,4,0,1,BENIGN
3,39.965889478220305,0,0,0,1,0,0,0,1,1,1,34,2243,5,0,1,0,2,6,0,0,0,0.0,5,0,0,BENIGN
2,34.20779650072814,0,0,1,1,1,0,1,1,1,0,74,255,5,1,0,0,2,1,1,0,0,122.3141585462891,3,0,0,BENIGN
2,86.1679811196051,0,1,0,4,1,1,1,0,1,1,92,128,6,1,0,1,7,13,0,1,0,121.18076588914192,7,0,0,PHISHING
6,98.22962478617424,0,0,0,4,1,0,1,1,0,0,46,1287,4,1,1,1,8,7,0,0,0,0.0,8,0,0,PHISHING
1,57.10512422916706,0,0,0,1,0,0,1,1,1,1,66,2093,0,0,0,0,2,7,1,0,0,152.38882715392407,4,0,0,BENIGN
2,60.3505579145188,1,0,0,3,1,1,1,0,0,1,83,443,6,1,1,0,2,13,1,1,0,565.2857943403766,6,0,0,PHISHING
3,38.39021367645386,0,0,0,1,0,0,0,1,1,1,75,1306,1,0,0,0,1,5,0,0,0,285.2554071456372,5,0,0,BENIGN
2,111.66083969660812,1,1,1,3,1,1,0,0,1,0,73,115,2,0,1,0,0,11,1,0,0,99.14166457831857,3,0,0,PHISHING
2,116.31726492600228,0,1,1,1,0,1,1,1,0,0,85,1423,2,0,1,1,3,1,1,1,1,307.8101176074198,5,0,1,PHISHING
0,46.61820666514549,1,0,0,2,0,0,0,0,1,1,20,220,2,0,0,0,2,7,0,0,1,456.4026195358841,5,1,0,BENIGN
4,48.62489579731257,0,0,0,2,1,0,0,1,1,0,78,1481,11,0,0,0,3,6,0,0,0,245.8520289068796,2,1,1,BENIGN
2,19.716040239227876,0,0,0,2,1,0,0,0,1,1,91,2068,2,1,0,0,0,1,0,0,0,394.80066170736995,4,1,0,BENIGN
4,94.11822843231761,1,0,0,3,1,0,1,1,0,0,55,1140,12,0,1,1,0,3,1,1,0,237.82582304546517,3,0,0,PHISHING
1,91.79384628832848,0,0,0,3,1,0,1,1,0,1,52,1123,13,1,1,0,8,9,0,0,0,516.0338412296825,7,0,0,PHISHING
1,97.38275104268581,0,0,0,4,1,0,1,1,0,1,55,505,9,0,0,0,4,2,1,0,0,0.0,6,0,1,PHISHING
4,72.45236260246413,0,0,1,3,1,0,1,1,1,0,89,1056,10,1,1,0,7,11,0,1,0,245.5882575805446,7,0,0,PHISHING
6,63.81629714130463,0,0,1,3,1,1,1,1,0,0,36,1076,2,1,1,0,3,7,0,1,0,327.26914646241914,4,0,0,PHISHING
4,50.42882780893265,0,0,0,2,0,0,0,1,1,1,31,2019,4,1,0,0,0,3,0,0,0,80.96689457461613,3,0,0,BENIGN
2,61.14360236199578,0,0,0,2,1,0,0,1,1,1,84,839,11,0,1,0,2,6,1,0,0,119.5795256413785,5,0,0,BENIGN
4,42.38740899292563,0,0,0,2,1,0,1,1,0,0,81,1349,9,0,0,0,0,5,0,0,0,369.90339801315235,4,1,0,BENIGN
1,23.177662721133164,0,0,0,2,0,1,1,1,1,1,62,1576,1,0,1,1,2,1,1,0,0,596.7046076884221,3,1,0,BENIGN
1,50.23163841069443,1,0,0,2,0,0,0,1,1,1,70,1791,9,0,0,0,3,3,0,0,0,418.97600524662766,3,1,1,BENIGN
2,90.2392436880779,0,0,1,2,1,0,1,0,0,1,55,1016,19,0,1,1,2,4,0,1,0,601.6064189838148,7,0,1,PHISHING
2,42.14023413742261,0,0,0,1,1,0,1,1,0,1,57,2123,0,1,0,0,3,7,1,0,0,531.4253051433968,2,1,0,BENIGN
2,43.54070102379766,0,0,0,1,0,0,1,1,1,1,75,830,0,0,0,0,1,7,0,0,0,397.5745181264183,4,0,0,BENIGN
3,89.42444410213697,1,1,1,3,1,0,1,1,0,0,103,1720,3,1,1,0,6,3,0,1,0,153.33109898699757,5,0,1,PHISHING
2,51.87224032190603,1,0,1,2,1,1,1,0,0,1,49,1711,18,0,1,1,0,12,1,0,0,143.8079040602105,7,0,0,PHISHING
4,91.57806816451486,1,0,1,4,0,1,1,1,1,1,46,649,16,1,0,0,4,10,1,0,0,462.2645423810751,8,0,0,PHISHING
6,104.81002830976009,1,0,0,3,1,1,1,0,0,0,84,241,14,0,0,0,NAN,7,1,0,0,0.0,5,0,1,PHISHING
6,65.07238914671242,1,0,0,4,0,1,1,1,0,0,104,1714,14,1,1,0,4,10,1,1,0,29.190464559199427,8,0,0,PHISHING
4,15.104094434187662,0,0,1,1,1,0,1,1,1,0,21,265,8,0,0,1,3,7,0,0,0,450.58197378961563,3,1,0,BENIGN
2,40.25814944029698,0,0,0,2,1,0,1,0,0,1,96,166,10,1,0,0,1,8,0,0,0,0.0,6,0,1,PHISHING
2,20.70192008412345,0,0,0,2,0,0,0,1,1,1,69,911,6,0,0,1,0,0,0,0,0,699.8625396541711,4,1,0,BENIGN
3,91.53631637701135,0,0,0,1,1,1,1,1,1,0,87,942,7,0,0,0,0,13,1,0,1,500.4606205089315,6,0,1,PHISHING
1,53.739828629815605,0,0,0,1,0,0,1,1,1,1,48,1989,2,0,0,1,1,2,1,0,0,189.77928097289197,5,1,0,BENIGN
1,20.980830943217196,0,0,0,1,0,0,0,1,1,0,68,496,5,0,0,0,2,7,0,0,0,434.9020536628169,5,0,0,BENIGN
1,96.47474748185073,0,1,0,2,0,1,1,0,0,0,86,938,2,0,1,0,2,11,1,1,0,181.64759055851826,4,0,0,PHISHING
2,81.48244033289228,0,0,1,2,1,1,1,1,0,0,41,724,13,1,0,0,6,2,0,0,0,289.4902552507323,6,0,0,PHISHING
7,107.46705956202997,1,1,1,4,1,0,0,1,1,0,71,388,8,1,0,0,7,9,1,0,0,377.68233464733584,5,0,1,PHISHING
1,47.847650892561646,1,0,0,2,0,0,1,1,1,1,37,2089,4,0,0,0,0,3,1,0,0,0.0,3,0,0,BENIGN
1,60.28283174840453,0,1,0,2,0,0,1,1,0,1,33,688,10,1,1,1,3,3,0,1,0,590.0153095923237,5,0,1,PHISHING
0,40.70626899666462,1,0,0,2,0,0,0,1,1,1,86,1534,5,0,0,0,1,7,0,0,0,385.9568386596511,3,1,0,BENIGN
5,48.68720707482701,0,0,1,3,0,1,1,1,0,0,25,84,19,0,1,1,5,2,0,0,0,0.0,5,0,0,PHISHING
3,92.92676131172114,0,0,1,2,1,0,0,1,1,0,90,1538,8,1,1,0,0,10,1,1,0,202.76142583249322,8,0,1,PHISHING
0,55.60274461348576,1,0,0,1,0,0,1,1,1,1,94,2022,2,0,0,0,0,4,0,0,0,250.09499727330456,5,0,0,BENIGN
1,93.36518229326803,1,0,1,3,1,0,1,0,0,0,52,445,17,1,0,0,8,14,0,0,0,386.8765832412665,7,1,0,PHISHING
7,104.6021136645901,1,0,0,1,1,1,1,0,1,1,32,269,2,1,1,0,1,11,1,1,1,299.5329309108546,7,1,0,PHISHING
3,67.07237959489736,0,0,0,1,0,0,1,1,1,0,64,912,7,1,0,0,0,4,1,0,0,249.1628488736473,5,0,1,BENIGN
5,86.5768918376238,1,0,1,2,0,1,1,0,1,1,70,1588,6,0,1,1,2,11,0,1,0,0.0,8,1,0,PHISHING
3,25.688661280889534,0,0,0,1,0,0,1,1,1,0,64,915,4,0,0,1,1,7,1,0,0,437.0040381465169,2,0,0,BENIGN
3,64.37970926173367,1,1,1,2,1,1,1,1,0,1,63,1672,3,0,0,1,0,7,0,0,1,0.0,8,0,0,PHISHING
2,20.22361277731099,0,0,0,1,1,1,0,1,0,1,34,1745,1,0,0,1,1,4,0,0,0,0.0,5,0,0,BENIGN
2,50.30616095749352,1,0,1,3,1,1,1,1,0,1,94,701,19,0,1,0,7,1,1,0,0,4.124609387220602,4,0,0,PHISHING
2,114.0714075829085,0,0,0,2,1,0,1,0,0,1,43,1368,15,1,1,0,7,9,0,0,0,0.0,3,1,1,PHISHING
4,32.43804893872211,0,0,0,2,0,0,0,1,1,1,92,2389,0,0,0,0,0,4,1,1,0,198.73426686150046,3,1,0,BENIGN
5,73.31358848769823,1,1,1,2,1,0,1,1,0,1,35,638,10,0,1,1,3,7,0,0,0,87.18668351196752,4,0,0,PHISHING
4,31.156703371570984,0,0,0,2,0,0,NAN,1,1,1,73,1477,8,0,0,0,1,1,1,0,0,308.9125687655621,5,1,0,BENIGN
7,81.5836528972714,0,0,0,1,1,1,1,1,0,0,89,1051,7,1,1,1,0,7,0,0,0,238.04282171164897,5,0,1,PHISHING
2,33.55414185457849,0,0,0,1,0,0,0,1,1,1,45,1675,9,0,0,1,2,1,0,0,0,157.132864783873,5,1,1,BENIGN
1,68.60032353712865,0,0,0,1,0,0,1,1,1,1,70,912,1,0,0,0,0,1,0,0,1,700.381490039291,2,1,0,BENIGN
4,54.2875667546309,0,0,0,2,1,0,0,1,0,1,84,856,2,1,0,1,1,0,1,0,0,349.515654938839,5,1,0,BENIGN
7,33.32224438476507,1,0,1,1,0,0,1,1,1,1,39,444,10,0,0,0,7,0,1,0,0,0.0,3,0,0,PHISHING
3,35.92498930786903,0,0,1,1,0,0,0,1,0,1,56,1434,10,0,0,0,0,7,0,0,0,338.1211841431379,4,1,0,BENIGN
4,65.04279150018256,0,0,0,2,0,0,1,1,1,1,85,920,0,0,0,0,3,1,0,0,0,377.2800870855858,4,0,0,BENIGN
2,28.548216323180405,0,0,0,2,0,1,0,1,1,1,67,954,11,0,0,0,2,7,0,0,0,0.0,3,1,0,BENIGN
2,40.02767741854118,0,0,0,1,0,0,1,1,1,0,62,697,4,1,1,0,0,5,0,0,0,224.98025583364358,4,0,0,BENIGN
2,131.40149703291758,0,0,1,2,1,1,1,1,0,0,67,150,9,1,1,0,7,12,0,0,0,384.8988146087907,8,0,0,PHISHING
5,62.49375055246226,0,0,1,4,1,1,1,1,1,1,47,1179,4,1,1,0,0,3,0,0,0,0.0,8,0,0,PHISHING
1,54.93998955578226,0,0,0,1,0,0,0,1,1,1,25,827,3,0,0,0,3,4,0,0,0,275.6212249870879,3,0,1,BENIGN
3,36.435845077173084,0,0,0,1,1,0,1,1,1,1,20,808,4,0,0,0,0,2,0,0,0,6.173516430478315,2,1,0,BENIGN
0,25.24754683412638,0,0,0,2,0,0,1,1,0,1,45,737,11,0,0,0,1,7,1,0,0,247.8395221133326,3,0,0,BENIGN
1,56.73525513626492,0,0,1,1,0,0,1,1,1,0,87,2073,1,0,0,1,0,1,0,0,0,143.83680891960472,2,1,0,BENIGN
3,43.99570240652699,0,0,0,1,0,1,0,1,0,1,53,2347,6,0,0,0,3,6,1,0,0,208.62578538112183,3,1,0,BENIGN
0,68.47077032504856,0,0,0,2,0,0,0,1,1,1,77,2167,4,0,0,0,3,0,1,0,0,201.05056523934573,2,0,0,BENIGN
0,55.961620367079675,0,0,0,2,1,0,1,0,1,1,20,1181,7,0,0,0,1,3,0,0,0,302.25287750583846,5,0,0,BENIGN
7,86.77989046848742,0,0,1,4,1,1,1,1,0,0,29,1054,8,1,1,0,6,6,1,1,0,716.6361980808935,3,0,0,PHISHING
6,86.81320131589919,1,1,1,3,0,1,1,1,1,1,39,498,11,1,1,0,5,14,0,0,0,336.2008337563768,4,0,0,PHISHING
5,108.67133133787868,1,0,1,1,1,0,1,1,1,0,54,1144,7,0,0,1,8,4,1,0,0,0.0,6,1,0,PHISHING
1,55.48795097542332,0,0,0,2,0,0,0,1,1,0,80,2478,5,0,0,0,0,4,0,1,0,333.59182100855287,5,0,0,BENIGN
4,42.605275388669746,0,0,0,2,0,0,0,1,0,0,67,501,10,0,0,0,0,1,0,0,0,0.0,2,1,1,BENIGN
4,92.38667103393516,1,0,0,1,0,0,1,0,0,0,90,999,6,1,1,1,8,6,1,0,0,364.47199738709105,7,0,1,PHISHING
4,81.85726350703189,1,0,0,4,1,1,1,1,0,0,65,996,17,1,1,1,1,3,0,0,0,307.63777879749864,5,0,0,PHISHING
7,103.81803262152482,1,1,0,2,1,1,1,0,1,0,103,291,8,1,1,0,4,10,1,0,0,40.88316951802895,3,0,0,PHISHING
4,88.5760075386061,0,0,0,2,1,0,0,1,1,1,27,1095,0,1,0,0,1,1,1,0,0,490.4979558305124,5,1,0,BENIGN
3,96.850858264358,1,0,0,1,1,1,1,0,0,1,57,1736,19,1,1,0,6,3,0,0,0,12.021408444955,4,0,1,PHISHING
4,41.67695826403799,0,0,0,2,0,1,1,1,1,1,87,1315,5,0,0,0,0,6,0,0,0,0.0,5,0,0,BENIGN
3,10.630657371028498,0,0,0,1,0,1,0,1,1,1,67,910,1,1,0,1,0,6,1,0,0,518.814991534709,5,1,0,BENIGN
2,51.976203142504595,0,0,0,2,0,1,0,1,1,1,68,2282,3,1,0,1,2,0,1,0,0,100.19502014769142,2,0,0,BENIGN
4,52.731156043512165,1,0,0,2,0,0,1,1,1,0,86,1015,11,0,0,0,2,7,1,0,0,0.0,5,1,0,BENIGN
6,100.84882333023822,1,0,1,2,1,1,1,1,0,0,75,242,5,0,1,0,5,2,1,1,0,726.317940528845,5,0,0,PHISHING
6,99.30300378953258,1,1,1,1,1,1,1,1,1,0,65,1489,11,0,1,0,1,9,1,0,0,0.0,4,0,0,PHISHING
0,35.705010988070796,0,0,0,2,0,0,1,1,1,1,40,2457,8,0,0,0,0,5,0,0,0,192.94036752249008,4,1,0,BENIGN
7,138.59854845590326,1,1,1,1,1,0,1,1,1,1,55,1052,10,1,1,0,1,14,0,1,1,628.9127995837882,6,0,0,PHISHING
4,52.06704440099894,0,0,0,2,0,0,0,1,1,1,63,2152,2,1,0,0,1,2,0,0,0,415.83065907582403,2,1,1,BENIGN
4,42.18493513607322,1,0,0,1,0,0,1,1,1,0,80,790,1,0,0,0,2,2,1,0,0,105.24826504489155,2,0,1,BENIGN
1,50.750907965302424,0,0,0,1,0,0,0,1,0,1,89,1419,11,0,0,0,1,6,0,0,0,475.2873736008606,3,0,0,BENIGN
1,91.08989980111681,1,1,0,2,1,0,1,0,0,1,57,1094,2,1,1,0,8,13,1,0,0,102.22460758047202,7,0,0,PHISHING
0,51.80948368963044,0,0,0,2,0,1,0,1,1,1,35,2021,9,0,0,0,1,5,0,0,0,152.40742873045966,3,1,1,BENIGN
6,82.70762044292941,1,1,0,3,1,1,1,1,0,0,28,1032,8,1,1,1,2,14,1,0,0,416.8220736244532,7,0,0,PHISHING
0,70.93046466608388,0,0,0,1,0,0,1,0,1,1,85,2132,2,0,0,0,2,0,1,0,0,283.7871991517485,2,1,0,BENIGN
1,51.41835661042376,0,1,0,1,0,0,1,1,1,1,25,1447,8,0,1,0,0,1,1,0,0,35.38613458753713,4,0,0,BENIGN
2,57.50347215450214,0,0,0,2,0,1,1,1,1,0,61,503,10,1,1,0,3,2,0,0,0,248.03950745635797,8,0,0,PHISHING
2,72.30969236470202,0,0,1,1,0,0,0,1,0,1,59,1342,7,0,0,0,0,2,0,0,0,358.48846757198487,4,1,0,BENIGN
1,113.78979265809117,1,0,0,2,0,0,1,0,0,0,39,1664,3,1,1,0,2,7,1,0,0,247.3450911251395,4,0,1,PHISHING
4,70.92255733802003,0,0,0,4,1,0,1,1,0,0,89,1459,18,1,1,1,5,4,1,0,0,3.69817867292673,7,0,0,PHISHING
3,37.08195982483427,1,0,0,2,1,1,1,1,0,0,72,1211,14,1,0,0,6,13,0,1,1,166.68036380753927,8,1,0,PHISHING
3,46.37280267259812,0,0,0,1,0,0,0,0,0,1,48,690,7,0,0,1,3,2,0,0,0,266.2163368823147,2,1,1,BENIGN
4,51.78500925964708,0,0,0,2,0,0,0,1,1,1,58,2460,10,0,1,0,1,1,1,0,0,338.6610482512015,2,1,0,BENIGN
3,46.04071702699168,0,0,0,2,0,0,1,1,0,1,64,1897,5,0,0,1,0,5,1,0,0,163.9364075055561,5,1,0,BENIGN
2,60.326952631233716,1,1,0,4,1,0,1,0,0,0,57,477,6,1,1,0,0,12,1,0,0,0.0,6,0,1,PHISHING
3,64.11670825411858,0,0,0,2,0,0,0,1,1,1,69,1502,7,0,0,0,2,5,0,0,0,56.06847732646932,4,1,0,BENIGN
1,59.28080479709835,0,0,0,1,0,0,0,1,1,0,52,133,11,0,0,0,1,7,1,0,0,321.77030727619365,5,0,0,BENIGN
2,50.21562678676435,0,0,0,2,0,0,1,0,1,1,75,2482,9,0,0,0,3,3,0,0,0,319.74039960372767,5,1,0,BENIGN
6,47.805251742291205,1,0,1,1,1,0,1,0,1,0,97,1015,18,1,0,0,4,0,1,0,0,360.63901410003353,6,0,0,PHISHING
2,83.57577197953472,0,0,0,3,1,1,1,0,0,0,35,828,6,0,0,1,0,10,0,1,0,253.11636267019628,8,0,0,PHISHING
5,78.46288466906444,1,0,0,2,0,1,1,1,0,0,80,1662,8,1,1,1,2,4,0,0,0,188.4330499370837,5,0,1,PHISHING
3,46.485522315108014,0,0,0,2,0,0,1,1,1,0,78,658,7,0,1,1,2,5,0,0,0,0.0,4,1,1,BENIGN
0,53.37823438911335,0,0,0,1,0,0,0,1,1,1,63,1155,11,0,0,0,1,0,0,0,0,235.98323979446874,3,1,0,BENIGN
1,53.116974162067976,0,0,1,2,1,0,0,1,1,0,15,270,2,1,0,0,0,4,0,0,0,432.8608252459145,2,0,0,BENIGN
0,55.524954721343505,0,0,0,2,0,1,0,1,1,1,60,477,7,1,0,1,1,6,0,0,0,223.65129485760562,3,1,0,BENIGN
5,32.91107113484898,1,0,1,3,0,1,1,1,0,0,84,1091,18,1,0,0,0,0,1,0,1,91.70277821757203,5,0,0,PHISHING
0,49.0855463291136,0,0,0,1,0,0,0,1,1,1,84,235,5,0,0,0,0,0,0,0,0,211.8094474256988,5,0,1,BENIGN
3,39.47626564817954,1,0,0,2,0,0,0,1,0,1,30,1776,0,0,0,0,1,3,1,0,0,396.39226767701257,2,0,0,BENIGN
3,52.950970584022,0,0,0,1,0,0,0,1,1,1,77,185,9,1,1,0,3,1,0,0,0,0.0,4,0,0,BENIGN
2,88.65980422661396,0,1,0,2,1,1,1,0,0,1,51,1141,14,1,1,1,6,12,1,1,0,303.59074596535123,3,1,0,PHISHING
4,37.18015622044073,0,0,0,2,0,0,1,0,1,1,22,532,4,0,0,0,3,6,1,1,0,334.002552734433,2,0,0,BENIGN
1,66.91768300080494,1,0,0,2,0,0,0,0,1,1,85,683,10,0,0,0,3,6,1,0,0,0.0,5,0,0,BENIGN
3,19.41521675976724,0,0,0,1,0,0,0,1,1,1,70,1471,4,0,0,0,1,6,0,0,0,0.0,2,0,0,BENIGN
7,64.5935047235743,1,0,1,4,1,1,1,1,0,0,30,1243,10,0,1,0,8,10,0,0,0,373.2216650721289,5,0,0,PHISHING
6,109.73242488583668,0,0,1,1,0,1,1,0,1,1,59,784,2,1,1,0,1,8,1,0,1,94.76563770271494,7,0,0,PHISHING
2,63.71924977589148,0,0,0,1,0,1,0,0,1,1,25,1606,7,0,0,1,3,6,0,1,0,742.29528280483,2,1,0,BENIGN
1,87.54128122303271,1,0,0,4,1,0,0,1,1,0,51,523,9,0,1,1,7,1,0,0,0,0.0,8,1,1,PHISHING
5,101.8829664498277,0,0,1,4,1,1,1,1,0,0,33,941,13,1,0,1,2,1,0,0,0,0.0,5,0,1,PHISHING
2,74.52558741707773,0,0,0,4,1,0,1,1,1,0,39,234,5,1,0,0,0,0,1,0,0,41.45139149500065,7,0,1,PHISHING
4,131.42818382357765,1,0,0,3,1,1,1,0,0,0,54,142,2,1,0,1,2,5,0,0,0,586.0449880801061,3,0,1,PHISHING
3,56.08702998751044,1,0,0,4,1,1,1,0,0,1,66,553,15,1,1,0,0,9,1,1,0,0.0,4,0,0,PHISHING
6,90.16522819306967,1,1,0,1,1,1,1,1,1,1,28,1632,14,0,1,1,6,2,0,1,0,72.19052065376894,8,0,1,PHISHING
1,90.2592344996779,1,1,1,4,0,0,1,0,0,0,56,1216,4,1,1,1,2,5,1,1,0,0.0,3,1,0,PHISHING
2,41.31357749980648,0,0,1,1,0,0,0,1,1,1,94,2018,11,0,0,1,1,0,0,0,0,277.2438598411704,2,0,1,BENIGN
0,10.194659814207824,0,0,0,2,0,0,1,1,1,0,70,2492,9,0,0,0,3,2,1,0,0,595.9747789153246,3,1,0,BENIGN
2,38.893826454745124,0,0,0,1,1,0,0,1,1,1,45,1644,7,0,0,0,0,7,0,0,0,186.89599975065582,3,0,0,BENIGN
1,38.64590090308742,1,0,0,1,0,0,1,1,0,0,17,1229,6,0,1,0,0,0,1,0,0,98.40399746459025,5,1,0,BENIGN
3,111.85092719969035,1,1,0,4,1,0,1,1,1,1,68,1448,6,1,1,0,3,9,1,0,0,449.77440772799406,3,0,0,PHISHING
3,47.402858899756126,0,0,0,1,0,0,0,1,1,1,61,2076,2,0,0,0,0,7,1,0,0,0.0,4,0,0,BENIGN
3,62.568706402009795,0,0,0,2,1,0,1,1,1,1,58,1503,4,0,0,0,1,7,1,0,0,368.62790610879415,5,1,0,BENIGN
4,45.815303780855736,0,0,0,1,0,0,0,1,1,0,29,2138,5,1,1,0,3,2,1,0,0,486.5449721434818,4,0,0,BENIGN
0,42.61222692929909,0,0,0,1,0,0,0,1,1,1,56,949,4,0,0,0,2,7,0,0,0,401.6708467088804,3,1,0,BENIGN
5,82.74275061625062,0,0,0,4,0,1,1,1,1,1,80,1364,10,0,1,0,7,10,0,0,0,489.2199642034507,8,0,0,PHISHING
2,46.519637978523825,0,1,0,4,0,0,1,1,1,0,85,204,13,1,1,1,0,8,0,0,0,0.0,4,0,0,PHISHING
2,69.48934484366369,1,0,0,4,1,0,1,0,0,1,61,987,3,1,1,0,3,13,1,1,1,167.73764566816595,8,0,0,PHISHING
3,74.95944796121991,0,0,0,2,0,1,1,1,1,0,87,1392,11,1,0,0,3,4,1,1,0,201.85839083745483,2,0,0,BENIGN
1,27.897586213106543,0,1,0,2,0,0,0,0,1,1,81,2230,10,0,0,0,1,4,1,0,0,173.74131852398145,5,1,0,BENIGN
6,80.54181108010033,1,1,1,3,1,0,1,0,1,1,89,562,5,1,1,1,8,14,1,1,0,2.5728018887011785,3,0,0,PHISHING
2,41.922574667009336,0,0,0,2,0,0,0,0,1,1,29,2404,2,0,0,0,1,4,0,0,0,89.38697114429769,3,1,0,BENIGN
7,68.68305033531847,1,0,0,4,0,1,1,0,0,1,50,1344,19,0,1,0,1,4,1,0,0,384.8187038323424,3,0,1,PHISHING
3,43.693587434212354,0,0,0,1,0,0,0,1,1,0,76,1394,6,1,0,0,2,0,0,0,0,297.0227399609237,2,0,0,BENIGN
3,107.32243317458551,0,0,0,4,1,1,1,1,1,0,49,694,19,0,1,0,2,5,1,1,0,203.76176577439708,5,0,0,PHISHING
5,51.01808633984969,1,0,1,4,1,1,1,1,0,1,64,1015,6,1,1,1,1,12,1,1,0,658.3349360398822,7,0,0,PHISHING
0,22.994321319135143,0,0,0,1,0,1,1,1,1,0,75,1116,7,0,0,0,1,4,0,0,0,344.346717770027,3,1,0,BENIGN
3,31.668040301536223,0,0,0,1,0,0,0,1,1,1,68,1739,1,0,0,0,3,2,0,0,0,0.0,3,0,1,BENIGN
5,85.2334179469117,1,0,0,2,0,1,0,1,0,1,83,1655,11,1,1,0,8,11,1,1,0,72.57152064901886,6,0,0,PHISHING
3,97.15112670669552,0,0,0,2,1,0,1,1,1,0,31,1300,9,0,1,1,1,4,0,0,0,406.7696556365256,3,0,0,PHISHING
4,93.40990664072183,0,0,0,2,1,0,1,1,0,1,104,231,4,1,1,1,1,4,1,1,0,58.993525021492886,5,0,1,PHISHING
4,68.23518370219159,1,0,0,4,1,0,1,0,0,0,42,889,3,1,1,0,7,7,0,0,0,344.0632937238771,8,0,0,PHISHING
0,NAN,0,0,0,2,0,0,1,1,1,1,60,210,10,0,0,0,2,7,1,0,0,69.33400164882562,2,0,1,BENIGN
2,19.039925917391727,0,0,0,1,0,0,1,1,0,1,81,1794,0,0,1,0,2,3,1,0,0,0.0,3,1,0,BENIGN
3,47.96685122912778,0,0,0,1,0,0,0,1,1,1,25,1981,2,0,0,0,1,5,1,0,0,210.46522346361957,3,1,1,BENIGN
2,48.0345928774679,0,0,0,2,1,1,1,1,1,0,76,788,7,0,0,1,2,1,1,0,0,249.35969919373787,4,1,0,BENIGN
3,28.299179371172276,0,0,1,2,0,0,1,1,1,1,42,1406,2,1,0,0,0,3,0,0,0,430.817791978744,4,0,0,BENIGN
4,39.864885920041765,0,1,0,2,1,0,0,0,0,0,44,1848,5,0,1,0,3,6,0,0,0,678.2544430908031,3,1,1,BENIGN
6,53.847633252954864,1,0,1,3,0,0,1,1,1,0,93,1628,6,1,1,1,7,2,1,0,0,688.6689742845796,6,0,0,PHISHING
5,53.981101397561986,1,1,1,2,1,1,0,1,0,0,60,1596,10,1,1,1,1,14,0,0,0,11.164890890982349,6,0,1,PHISHING
2,29.794239503394017,0,0,0,2,0,0,0,1,0,0,63,803,6,0,1,0,0,7,0,0,0,206.47058895286006,2,1,0,BENIGN
4,34.1618355258011,1,0,1,2,1,0,1,1,0,1,39,1092,10,1,0,0,0,10,0,1,0,178.1796137153609,8,1,0,PHISHING
0,31.677992193995216,0,0,0,2,0,0,1,0,0,1,31,1603,11,0,0,0,2,7,1,0,0,319.66201970817593,2,0,1,BENIGN
2,34.67441576653861,0,0,0,1,0,0,0,1,1,1,81,1376,4,0,0,0,1,2,1,0,0,241.74053693188745,5,1,0,BENIGN
3,74.45455984832887,1,0,0,3,0,1,1,1,0,1,32,703,12,1,1,1,0,8,0,0,0,146.68942075176028,8,0,1,PHISHING
2,71.15901789251689,0,0,0,1,1,0,0,1,1,1,52,2175,10,0,0,1,0,5,0,0,0,374.0702730405658,2,1,0,BENIGN
1,21.513613917292286,0,0,1,2,0,0,1,1,0,1,76,1304,2,0,0,0,3,1,0,0,0,336.56538095868734,2,1,1,BENIGN
2,53.3117475198614,0,0,0,1,0,0,1,1,1,0,48,1988,3,0,0,0,3,4,0,0,0,4.1198196030672705,3,0,0,BENIGN
1,42.31160061825368,0,0,0,2,0,0,0,0,1,0,47,447,6,0,1,0,1,0,0,1,0,363.8738173484187,3,0,0,BENIGN
2,52.23100253288288,0,1,0,2,0,1,0,1,1,1,68,610,8,0,0,0,3,0,0,0,0,0.0,4,0,0,BENIGN
1,47.81960381229157,0,0,0,1,0,0,0,0,1,0,48,2277,11,0,0,0,1,3,1,0,0,159.74086581332423,2,1,0,BENIGN
4,52.862817642191565,0,0,0,2,0,0,0,1,1,0,23,2406,9,1,0,0,1,5,0,0,0,0.0,5,1,0,BENIGN
2,20.76512491018983,0,0,0,1,0,0,0,1,1,1,71,2318,9,0,0,1,3,5,1,0,0,460.6356135776339,3,1,0,BENIGN
5,108.41484497138597,1,0,0,4,1,1,0,1,0,0,91,1066,17,1,1,0,6,14,1,1,0,239.80953006692553,5,0,1,PHISHING
1,69.06381542275712,0,0,0,1,0,1,0,0,1,1,48,1292,11,0,0,1,1,4,0,0,0,654.4390113851143,3,1,0,BENIGN
4,11.223340640714298,0,0,0,2,0,0,0,1,1,1,75,1906,7,0,0,0,3,6,1,0,0,0.0,3,NAN,1,BENIGN
2,57.442785630361094,0,0,0,1,0,0,1,0,1,1,80,2406,3,1,0,0,3,4,1,0,0,289.44677548140913,5,0,1,BENIGN
2,49.74741392509962,0,0,0,1,1,0,0,1,1,1,72,2223,7,0,0,0,3,1,1,0,0,573.8469606786268,3,1,0,BENIGN
1,109.13353230785157,1,1,0,3,0,1,1,1,1,1,81,428,16,1,1,0,4,2,1,0,0,67.76851810808392,6,0,0,PHISHING
1,36.99149642439668,0,0,0,2,0,0,1,1,0,1,16,768,7,0,0,0,2,6,1,0,0,370.5253629759502,4,0,0,BENIGN
4,83.23991928910505,0,0,0,1,0,0,1,1,1,1,16,2430,5,0,0,0,3,6,1,0,0,211.34999863363333,5,1,1,BENIGN
2,103.64098009251646,1,0,1,1,1,1,1,1,0,0,82,120,10,1,1,0,1,1,1,1,1,0.0,8,0,0,PHISHING
0,34.82603339767235,0,0,0,1,1,0,1,1,1,1,29,185,3,0,0,0,0,3,1,0,0,0.0,5,0,0,BENIGN
4,91.2046648619174,1,0,0,4,1,1,1,1,1,0,89,1074,11,0,1,0,5,6,0,0,0,517.6519447517073,3,0,0,PHISHING
4,26.225291788407908,0,0,0,1,1,0,0,1,1,0,48,1259,1,0,0,0,1,2,0,0,0,470.4331279839079,2,1,0,BENIGN
3,61.33826245066189,NAN,0,0,1,1,0,1,1,1,1,50,2018,1,1,0,0,1,5,0,1,0,365.96196880964163,2,1,0,BENIGN
0,27.426500567619875,0,0,0,2,0,0,1,1,1,1,73,1321,5,0,0,1,1,4,0,0,0,624.009701691243,4,1,1,BENIGN
2,41.22291668638192,0,0,0,4,1,0,1,1,0,1,34,1114,9,1,1,1,7,8,1,1,0,212.0515840228142,5,0,0,PHISHING
3,61.92028286023954,0,0,0,2,0,0,1,1,0,0,64,2348,0,0,0,0,3,3,0,0,0,44.73988998084849,3,1,0,BENIGN
0,45.998187237888075,0,0,0,2,0,0,0,1,1,1,20,718,11,0,0,0,2,4,1,0,0,162.37590575746992,4,0,0,BENIGN
4,101.19586682738918,0,0,0,3,0,0,1,1,0,0,99,676,12,1,1,0,7,4,0,1,0,227.09117296703585,5,1,1,PHISHING
6,15.0,1,0,1,4,0,1,1,0,0,0,69,774,3,1,1,1,8,12,0,0,0,120.87033704141868,5,0,0,PHISHING
1,66.49821759909258,0,0,0,2,0,0,0,0,0,0,83,169,8,0,0,0,1,7,0,0,0,0.0,2,1,0,BENIGN
4,49.144112689928306,0,0,0,1,0,0,1,0,1,0,71,321,1,0,0,0,0,1,1,0,0,332.5985680345507,3,1,0,BENIGN
4,73.62606880440146,0,0,1,1,1,1,1,1,0,0,104,1275,9,0,0,1,4,14,1,1,0,0.0,7,0,0,PHISHING
2,27.87092660786394,0,0,0,2,0,0,0,NAN,0,1,84,345,0,0,0,0,3,6,1,0,0,341.2756370758905,5,1,1,BENIGN
0,13.905248460130622,0,0,0,1,1,0,1,1,0,1,64,1856,11,0,1,0,0,1,1,0,0,357.94690345127026,3,1,0,BENIGN
7,103.58754006073934,1,0,1,1,1,1,1,0,0,0,103,509,19,0,1,1,1,13,0,0,0,0.0,5,0,0,PHISHING
0,17.10246890181557,0,0,0,2,1,0,1,1,1,1,63,2009,7,1,0,0,2,2,1,0,0,410.0137305893428,2,1,0,BENIGN
0,79.91479650519128,0,0,0,1,0,0,0,1,1,1,73,1815,10,0,0,0,3,1,0,0,0,589.8735795090806,2,0,0,BENIGN
1,44.905696118582505,0,0,0,1,0,0,1,1,0,1,68,1778,3,1,0,0,8,14,1,1,0,150.82748501583572,3,0,0,PHISHING
4,84.51498035750437,1,1,0,1,1,0,1,0,1,1,42,1422,17,1,1,0,1,9,0,0,0,139.3667391608986,5,0,0,PHISHING
2,24.2672772693444,0,0,0,1,0,0,0,1,1,1,78,438,6,1,0,0,0,4,1,0,0,295.4759977196835,4,1,0,BENIGN
3,28.34353973378283,0,0,0,2,0,0,1,1,1,0,91,1340,8,0,0,0,1,0,0,0,0,140.5780073704696,4,0,1,BENIGN
3,75.82412235173622,1,0,0,4,0,1,1,1,0,0,75,1746,6,1,1,1,0,13,1,0,0,161.3403120067503,4,0,1,PHISHING
2,57.698759787651056,0,0,0,2,0,0,0,1,1,1,93,1447,2,0,0,0,1,2,0,0,0,267.40217082515,4,1,1,BENIGN
5,92.17487982719048,0,0,0,3,1,1,1,0,0,0,94,901,7,1,0,1,6,12,1,1,0,383.559600094975,6,1,1,PHISHING
2,49.91993225571164,0,NAN,0,1,0,0,0,1,1,1,60,370,0,1,0,0,3,1,1,0,0,523.925173806921,4,1,0,BENIGN
2,47.465860544659535,0,0,0,1,0,0,0,0,1,1,64,2378,2,0,0,0,3,7,0,0,0,107.27482463082097,5,0,1,BENIGN
0,37.8134524363203,0,0,0,2,0,0,0,1,1,1,79,1880,6,0,0,0,3,3,0,0,0,387.81249580305666,4,1,0,BENIGN
3,109.64973325146303,1,0,0,1,1,1,1,1,0,0,73,1123,2,1,0,1,6,14,1,1,1,333.20204520648133,3,0,1,PHISHING
5,88.89562674100519,1,0,1,4,0,0,1,0,1,0,69,340,19,1,1,1,3,1,1,0,0,438.6039091484622,5,0,0,PHISHING
3,50.276346125988056,0,0,0,1,0,0,0,1,1,1,62,1352,2,0,1,0,0,6,1,0,0,440.901991124203,4,1,0,BENIGN
2,44.79529812307055,0,0,0,1,0,1,0,0,1,1,67,1147,6,0,0,0,0,2,1,0,0,0.0,4,1,0,BENIGN
5,38.989707586970084,1,0,1,2,1,0,1,1,0,1,100,1434,16,1,1,1,1,2,1,1,0,245.22162932917314,4,0,0,PHISHING
6,38.33009330594332,1,0,0,3,0,1,1,1,0,0,46,617,18,0,1,0,7,14,1,0,0,80.66770281437546,8,0,0,PHISHING
7,63.80245485562991,1,0,0,2,1,0,1,0,0,1,40,268,19,1,0,1,4,4,1,0,0,0.0,8,0,0,PHISHING
5,72.93170056898542,0,1,1,2,1,0,1,0,1,0,37,1396,15,0,1,1,8,1,0,NAN,0,401.30950427310495,8,0,0,PHISHING
5,106.50983972426437,1,0,0,2,0,0,1,1,1,0,102,1359,13,1,1,0,4,1,1,0,0,248.98677465000162,4,0,1,PHISHING
1,27.654785096020007,0,0,0,1,0,0,1,1,1,0,75,1478,1,0,0,0,3,0,1,0,0,194.9255340485678,2,1,0,BENIGN
0,41.447246032354734,0,0,0,1,0,0,0,1,0,1,49,764,11,1,0,0,3,2,0,0,0,503.2417556189141,4,0,0,BENIGN
3,49.868213819365984,0,0,1,1,0,1,1,1,1,0,71,489,17,1,1,0,4,8,0,1,1,158.17542273256078,4,0,0,PHISHING
6,95.66594544487664,1,0,0,2,0,1,1,0,1,1,95,432,2,0,1,1,2,3,0,0,0,390.73248119301945,6,1,0,PHISHING
7,56.94339781964921,1,1,0,3,1,1,0,0,0,0,82,861,9,1,1,1,5,9,1,1,0,557.9595857192021,5,0,1,PHISHING
6,79.06289393837908,1,0,0,3,1,0,1,0,0,1,53,507,13,1,1,1,5,2,1,1,0,4.898205933970161,7,0,1,PHISHING
4,51.52326407195471,0,0,0,1,0,0,0,1,1,0,61,1955,5,0,0,0,0,1,0,0,0,536.9786148900498,4,1,0,BENIGN
4,70.4587663991942,1,0,1,1,0,0,1,1,0,1,34,1581,11,1,1,1,6,11,1,1,0,338.76124135797096,8,1,1,PHISHING
7,85.0853971002128,1,0,1,1,0,1,1,0,1,1,88,1793,17,0,1,0,2,10,1,0,0,0.0,8,0,0,PHISHING
3,76.77428257991669,1,0,1,2,0,1,1,1,0,1,29,1157,5,0,1,1,0,7,0,0,0,544.853538097339,8,0,1,PHISHING
5,67.84382579951375,1,0,0,3,0,1,1,0,1,1,59,642,11,1,1,0,8,3,1,0,0,0.0,3,0,0,PHISHING
1,112.32218894602268,1,1,1,3,1,1,1,0,0,1,66,279,8,1,1,1,0,12,1,0,0,282.22486261976053,7,0,0,PHISHING
4,49.71115835804699,0,0,0,1,0,0,0,0,0,1,79,1198,10,1,0,0,2,2,1,0,0,399.80599822331465,2,1,1,BENIGN
4,41.00418764986567,0,0,0,2,0,0,0,1,0,1,82,1247,10,0,0,0,2,3,1,0,0,177.94277664838052,4,1,0,BENIGN
4,89.85229073757947,0,0,0,3,1,0,0,0,0,1,67,1724,17,0,0,0,7,9,1,0,0,93.06620930181633,5,1,0,PHISHING
3,49.238804743789444,0,0,0,2,0,0,1,1,1,1,71,2043,1,1,0,0,3,5,0,0,0,282.3341848114462,5,1,0,BENIGN
3,87.45667650276222,1,0,0,2,0,1,1,0,0,1,96,1115,10,1,1,1,3,0,1,0,0,179.5502182383561,4,0,1,PHISHING
0,80.7390342402611,0,0,1,1,0,1,1,1,0,1,94,169,6,0,0,0,2,3,0,0,0,83.95482407178781,3,1,0,BENIGN
1,29.485379224884014,0,0,0,2,1,0,0,1,1,1,92,1204,5,0,0,0,3,5,0,0,0,335.0045187990747,5,0,0,BENIGN
4,21.41939616520139,0,0,0,2,0,0,1,1,0,1,19,1439,1,0,1,0,2,3,0,0,0,321.190936050362,4,0,0,BENIGN
3,44.08013481256729,0,0,0,2,0,0,1,1,1,1,65,642,1,0,0,0,1,7,1,0,0,98.96356835971841,3,1,0,BENIGN
6,44.36827120972231,0,0,1,1,1,0,0,0,1,0,83,1322,12,0,0,1,8,4,1,1,0,129.8315774686567,8,0,1,PHISHING
0,50.169678393540785,0,0,0,2,0,0,1,1,1,0,18,2101,10,1,0,1,1,7,0,0,0,642.2903647527295,5,0,0,BENIGN
4,48.87343234984043,0,0,0,2,0,1,0,1,1,1,82,855,8,1,1,0,3,1,0,0,0,3.1765836921557025,5,0,0,BENIGN
4,35.5861869534462,0,0,0,1,1,0,1,0,1,1,55,2348,2,1,0,0,0,4,0,1,0,250.06632505127072,2,1,0,BENIGN
4,57.189019316304666,0,0,0,2,0,0,0,1,1,1,84,2449,3,0,0,1,1,6,0,0,0,115.78182145647824,4,0,1,BENIGN
0,41.983430182217546,0,0,0,1,0,0,0,1,1,0,28,1229,11,0,0,1,0,1,1,1,0,277.02302061684094,2,0,0,BENIGN
0,31.6845651642816,0,0,0,2,1,0,0,1,1,1,68,2027,11,0,0,0,1,1,1,0,0,300.0497951317925,3,1,0,BENIGN
3,56.66006364092616,0,0,0,2,1,0,0,1,1,1,80,393,1,0,0,0,1,5,0,0,0,249.36114342178698,2,0,1,BENIGN
2,39.62974967888356,0,0,0,2,0,0,1,0,1,1,71,1500,1,1,0,0,0,5,0,0,0,0.0,5,0,0,BENIGN
0,48.52914167382395,0,0,0,1,0,0,0,1,1,1,18,292,3,0,0,0,0,6,0,0,0,0.0,2,1,0,BENIGN
2,107.95690303480811,0,0,0,4,1,0,1,1,0,1,51,314,16,1,1,0,6,1,0,1,0,417.31681393186585,4,1,0,PHISHING
7,97.4750224324236,0,1,0,2,1,0,1,1,1,0,86,89,11,1,1,0,5,14,1,0,0,101.67537850454946,5,0,1,PHISHING
1,40.60212620026857,0,0,0,2,0,1,1,1,1,0,28,2208,0,0,0,0,2,4,0,0,0,513.2879895708392,2,0,0,BENIGN
4,112.59216677378731,0,0,0,2,1,1,1,1,0,1,29,667,4,1,1,1,2,12,1,1,0,0.0,3,0,1,PHISHING
4,71.1421822196708,0,1,0,2,1,1,1,1,1,1,43,487,16,1,1,1,4,5,0,1,0,76.0347865639645,3,0,0,PHISHING
4,83.17412025513768,1,0,0,1,1,1,1,1,0,0,34,827,2,1,1,1,4,5,0,0,0,455.0980474884119,6,0,0,PHISHING
3,15.0,1,0,1,4,1,0,1,1,1,1,55,261,14,1,0,1,8,5,1,0,1,273.7645012127141,7,0,0,PHISHING
5,83.87859527961716,0,1,0,2,0,1,1,1,1,0,54,1240,4,1,1,1,1,7,1,0,0,189.2696864055989,7,0,0,PHISHING
6,80.26659343554944,1,0,0,1,1,0,1,0,1,0,90,1029,13,1,1,1,5,9,0,1,0,170.42296696724998,7,0,0,PHISHING
3,65.30378834354096,0,0,0,1,1,0,1,1,1,0,30,757,6,0,1,0,2,1,1,0,0,0.8809460877428421,4,1,0,BENIGN
3,68.58967704347796,0,0,0,4,1,1,1,0,0,0,48,815,10,1,0,0,0,12,1,0,0,471.0399189770428,6,0,1,PHISHING
3,77.11278795203256,0,1,1,4,1,1,1,0,0,1,68,160,19,1,0,0,7,9,1,0,0,337.72517433691473,8,0,0,PHISHING
1,117.63515491985665,0,0,0,2,0,1,0,1,0,1,41,1308,14,1,1,0,7,4,1,1,0,307.5485513248006,3,0,0,PHISHING
7,95.62212989753706,0,0,0,4,1,0,1,1,1,0,32,387,16,1,1,1,6,6,0,1,0,85.60795615050645,3,1,1,PHISHING
2,42.151142384666144,0,0,0,1,0,0,0,1,1,1,87,1610,10,0,0,0,2,4,0,0,0,287.94523583972733,2,1,1,BENIGN
2,43.23686749007805,0,0,0,1,0,0,1,1,1,1,61,1379,9,1,0,0,3,5,0,0,0,296.5763557032451,2,0,1,BENIGN
3,50.497971108558446,0,0,0,1,0,0,1,1,1,1,23,1612,6,1,0,0,1,2,0,0,0,296.2448418589041,4,0,0,BENIGN
2,82.96084698923535,0,0,1,3,1,1,1,0,0,1,45,1709,12,0,1,1,5,5,1,1,0,0.0,6,0,0,PHISHING
7,75.01137217707462,0,0,0,3,1,0,1,0,1,1,85,1422,5,1,1,1,7,6,1,0,0,330.09155940299775,4,0,0,PHISHING
1,65.37367840497303,1,0,0,4,1,1,1,0,1,0,41,1586,10,1,1,0,5,10,1,1,0,19.85865983525744,8,0,0,PHISHING
0,35.79034797910654,0,0,0,1,0,0,0,1,1,1,75,265,7,0,0,0,0,7,1,1,0,474.9488397803471,5,1,0,BENIGN
1,49.79100395686843,0,0,0,2,1,1,0,0,1,0,27,1651,4,1,0,0,0,7,0,0,0,0.0,3,0,0,BENIGN
3,34.538642650495845,0,0,0,1,0,0,1,1,1,1,38,1134,2,0,1,0,3,7,0,0,0,441.3602539829742,2,0,0,BENIGN
2,48.51601339048044,0,0,0,1,0,1,1,0,0,0,39,488,3,0,0,0,2,2,1,0,0,815.165393790182,3,1,0,BENIGN
7,111.84923853594344,1,0,0,3,1,1,0,1,1,0,98,1759,8,0,1,1,8,1,1,1,0,325.89951188280327,5,0,0,PHISHING
6,98.8047371358663,1,0,0,4,1,1,1,0,1,0,48,1796,3,1,1,0,5,9,1,0,0,268.34325585480184,5,0,0,PHISHING
3,15.94742939069722,0,0,0,1,0,0,0,1,1,1,69,2310,8,1,0,0,1,4,0,0,0,399.04139552628135,2,1,0,BENIGN
3,53.86359484190032,0,0,0,2,1,0,0,0,1,1,21,632,6,0,1,0,2,0,0,0,0,496.1115951863403,3,0,0,BENIGN
2,49.05514858922589,1,0,0,2,1,0,1,1,1,0,58,302,6,0,0,0,0,2,0,0,0,150.93256619626106,5,1,1,BENIGN
0,19.62056026245355,0,0,0,1,0,0,0,1,1,1,57,2193,7,1,0,0,1,0,0,0,0,500.53098111140423,4,1,1,BENIGN
5,116.07721518994731,1,1,0,2,1,0,1,0,1,0,102,108,13,0,1,0,0,8,1,0,0,327.18964936487964,6,0,0,PHISHING
3,61.694488374903955,0,0,0,1,1,0,0,1,0,0,24,1044,7,0,0,0,0,2,1,0,0,0.0,3,0,0,BENIGN
0,70.0183141667928,0,0,0,2,0,1,0,1,1,1,74,2246,0,1,0,0,1,1,1,0,0,360.1964571891341,4,1,0,BENIGN
4,26.751597759283083,0,0,0,1,0,0,0,1,1,0,51,1771,0,1,0,0,2,7,1,1,0,417.87934341998226,4,0,0,BENIGN
7,71.80610555226697,0,0,0,2,1,1,1,1,0,0,82,1686,10,0,0,0,3,2,0,1,0,52.22377515185492,4,0,1,PHISHING
4,34.516043571318804,0,0,0,1,0,0,1,0,1,1,71,192,11,0,0,0,3,3,1,0,0,2.967205564904077,2,1,0,BENIGN
4,50.4518150675861,1,0,0,2,0,0,0,1,1,1,76,1735,9,1,0,0,0,4,0,0,0,0.0,5,1,0,BENIGN
2,75.29779162247453,0,0,0,4,1,1,1,0,1,0,46,1256,3,1,0,0,1,11,1,0,0,382.99152393797027,7,0,0,PHISHING
7,90.86550412724135,0,1,0,1,0,1,1,1,1,1,34,718,12,0,1,1,1,3,1,0,0,316.06455814914045,3,0,1,PHISHING
7,97.18472547855872,1,0,1,4,0,1,1,0,1,1,82,385,12,1,1,0,0,9,0,1,0,0.0,4,0,1,PHISHING
3,104.41755584274445,0,1,0,4,1,1,1,1,0,0,41,1253,19,1,1,0,8,6,0,0,0,0.0,5,0,0,PHISHING
1,113.12633724219039,1,0,1,2,1,0,1,1,0,0,54,1393,3,1,0,0,2,3,0,0,0,489.48667541581045,5,0,0,PHISHING
1,114.98392013204288,1,0,0,3,0,1,1,0,1,1,45,771,2,0,1,0,6,7,1,0,0,351.3477139932714,4,0,1,PHISHING
4,49.680142073268655,0,0,0,1,0,0,0,1,1,0,77,2479,5,0,0,0,0,0,0,1,0,231.63038495498444,3,0,0,BENIGN
4,41.320832310868354,0,0,0,1,0,0,1,0,1,1,26,1835,9,0,0,0,2,2,0,0,0,355.8831286455503,2,0,1,BENIGN
0,52.86761062929129,0,0,1,2,0,0,1,0,1,1,42,1829,1,1,0,0,2,0,0,0,0,210.41047361299613,3,1,0,BENIGN
1,76.0899414937202,1,1,1,2,1,1,1,0,1,0,72,448,5,0,0,0,2,13,1,1,0,0.0,7,0,0,PHISHING
1,48.955758065347794,0,0,0,2,0,0,1,1,1,1,60,1246,0,1,0,0,1,2,0,0,0,95.08700683542662,2,1,0,BENIGN
3,37.927127888250766,0,0,0,2,0,0,0,1,1,1,31,2225,8,0,0,0,0,6,0,0,0,304.23325936735523,4,1,0,BENIGN
2,48.93053718111572,0,0,0,2,0,0,0,1,0,1,38,1403,2,0,0,0,1,0,0,0,0,409.09785164090715,2,1,0,BENIGN
0,22.767219038357688,0,0,0,1,0,0,1,1,0,0,49,2103,4,0,1,0,3,1,1,0,0,338.40357994165583,3,1,1,BENIGN
1,60.02618096477261,0,0,0,1,0,0,0,0,1,1,72,2190,8,0,0,0,2,4,0,0,0,47.997867765184964,3,0,1,BENIGN
7,64.57991835424096,1,0,0,3,1,1,1,0,1,0,25,1155,2,1,0,0,3,2,0,0,0,0.0,3,0,0,PHISHING
4,101.72027251193303,1,0,0,3,1,1,1,0,1,0,25,501,12,0,0,0,1,4,0,1,0,0.0,7,0,0,PHISHING
4,85.21374983422008,1,0,1,1,1,1,1,0,0,1,66,435,NAN,1,1,0,1,4,0,0,0,101.18003041552824,6,0,0,PHISHING
4,51.2083542805904,0,0,0,2,0,0,1,1,0,1,84,1235,5,0,0,1,2,0,1,0,0,412.06520335370425,4,1,0,BENIGN
4,10.0,0,0,0,2,0,0,0,1,0,0,44,1126,9,0,0,1,2,7,1,0,0,354.0224464845593,2,1,0,BENIGN
4,32.43902664258807,0,0,0,2,0,0,0,0,1,1,44,1449,3,0,0,0,3,1,1,0,0,0.0,5,0,1,BENIGN
2,67.47561660445098,0,0,0,2,0,0,0,1,1,1,92,2080,10,0,0,1,0,3,0,0,0,52.419909266038246,5,0,0,BENIGN
4,40.14312443570099,1,0,1,2,0,0,0,1,1,1,93,370,7,0,0,0,0,5,1,0,0,268.7321695289708,4,1,1,BENIGN
4,126.18879022353919,1,1,0,4,1,1,1,0,0,0,31,1326,7,1,1,1,4,14,0,1,1,402.27185796908,3,0,0,PHISHING
5,123.0030704212832,0,0,0,2,1,0,1,1,1,0,56,992,14,1,1,0,1,4,1,1,0,193.39132056422457,3,0,0,PHISHING
6,148.81772635375384,1,0,0,2,0,1,1,1,0,1,69,1470,9,1,1,1,8,12,0,0,0,0.0,6,0,0,PHISHING
0,46.38189987651164,1,0,0,2,0,0,1,1,1,1,43,2217,0,0,0,1,1,4,0,0,0,247.85108591826105,5,0,0,BENIGN
4,53.693417137147165,0,0,0,2,0,0,0,1,1,0,74,406,0,0,0,1,2,3,0,0,0,16.808614728403057,4,1,0,BENIGN
3,56.56226199803781,0,0,1,3,1,1,1,1,0,0,37,1591,2,0,1,0,0,4,0,1,0,172.3168017222815,6,0,0,PHISHING
4,74.44017226980668,1,0,0,3,0,1,1,1,0,0,35,1501,19,1,0,1,5,4,1,1,0,371.9730778703416,5,0,0,PHISHING
3,78.32589462291278,0,0,0,2,1,0,0,1,1,0,98,1218,4,0,1,0,2,2,0,1,0,0.0,3,0,0,PHISHING
6,90.64117314277973,1,0,1,1,1,1,1,0,0,0,56,696,18,0,0,1,3,3,0,1,1,278.2269429359234,4,0,0,PHISHING
1,38.82542516675686,0,0,0,2,0,1,0,1,1,1,26,1983,10,0,0,0,0,3,1,0,0,543.4667624154961,5,1,0,BENIGN
7,86.58357884237111,1,1,1,3,0,1,1,0,0,1,27,87,4,0,1,1,8,14,0,1,0,NAN,5,0,0,PHISHING
4,48.558816075381806,1,0,0,1,1,0,1,0,1,0,59,196,3,1,0,0,2,4,1,1,0,97.6291932368156,7,0,0,PHISHING
0,65.45793344720863,0,0,0,2,0,0,1,1,1,1,83,748,1,1,0,0,1,4,0,0,0,661.5604469170805,5,0,0,BENIGN
1,81.83285867103204,0,0,0,1,1,0,1,1,0,0,38,934,8,1,0,0,8,13,1,0,0,0.0,5,0,0,PHISHING
4,41.212239985455525,0,0,0,2,0,0,1,1,1,1,69,1707,5,0,0,0,2,5,1,0,0,93.53479384514321,2,1,1,BENIGN
3,42.992655532259384,0,0,0,2,0,0,1,1,0,1,55,991,7,0,0,0,3,2,1,0,0,27.569418784768544,4,1,0,BENIGN
4,35.206257830029315,0,0,0,2,0,0,0,1,1,1,94,151,11,0,0,0,0,6,0,0,0,173.26881138946607,4,1,0,BENIGN
5,87.9307332917181,0,1,0,4,1,0,1,0,0,0,30,1177,16,1,1,1,6,6,0,0,1,137.50642874284074,5,0,0,PHISHING
3,38.119870725910005,0,0,0,2,0,0,1,0,1,1,61,1652,0,0,0,0,2,5,1,0,0,399.42464764595513,4,1,0,BENIGN
2,36.08399471701897,0,0,0,1,0,0,1,1,1,0,38,1632,0,1,1,0,3,0,1,0,0,327.3715868742802,4,1,1,BENIGN
6,74.57315494614825,1,0,1,1,0,0,1,0,0,1,60,167,14,0,1,0,2,11,1,1,0,93.45965997505148,8,0,1,PHISHING
0,60.19073726729743,0,0,0,2,0,0,0,1,0,0,23,939,0,0,0,0,2,3,0,0,0,23.897200698963474,5,1,0,BENIGN
0,18.375569105368076,0,0,0,1,0,0,1,0,1,1,39,337,7,1,0,0,2,3,0,0,0,42.14487415368714,5,0,1,BENIGN
4,50.02331148233678,1,0,0,4,1,1,1,0,1,0,35,881,6,1,1,1,7,10,0,0,0,229.77962504150827,3,1,0,PHISHING
7,77.2553109050348,0,1,0,2,1,1,1,0,0,0,58,182,8,1,1,0,5,0,1,0,0,240.18007264495006,5,0,1,PHISHING
3,28.91800467859711,0,0,0,2,0,0,0,1,1,0,54,1080,5,1,0,0,1,6,1,0,0,464.98566891727114,2,1,0,BENIGN
3,57.537118444715055,0,1,0,1,0,0,0,1,1,0,94,416,10,0,0,0,2,5,1,0,0,450.73249774755834,4,0,0,BENIGN
3,76.13477460456511,1,0,0,1,1,1,1,0,0,0,38,1732,19,1,1,0,7,13,0,1,0,446.88356252696144,8,0,0,PHISHING
7,70.80129632505617,1,1,0,3,0,0,1,0,0,0,101,938,17,1,1,1,5,0,1,0,0,100.32418290063187,5,0,0,PHISHING
3,61.008336248579745,1,0,1,2,0,0,0,0,1,1,35,2187,11,0,0,0,2,2,0,0,0,0.0,3,0,0,BENIGN
2,122.83046803623459,1,0,0,2,0,0,1,0,1,1,82,323,11,1,1,0,0,10,0,1,0,263.2681767751308,5,0,0,PHISHING
1,34.932895839051284,0,1,0,2,0,0,1,0,1,0,71,1867,9,0,0,0,3,7,0,0,0,0.0,4,1,1,BENIGN
6,86.0652305940009,1,1,0,1,1,1,0,0,0,0,25,1461,11,1,1,0,8,14,1,1,0,56.386703983347275,4,0,0,PHISHING
0,51.58630018394364,0,0,0,2,0,0,0,1,1,1,55,2135,3,0,0,0,3,2,1,0,0,458.47121314505523,5,1,0,BENIGN
4,42.42133811131399,0,0,0,2,0,1,1,1,0,0,77,263,10,0,1,0,3,6,1,0,0,22.662476281432617,5,0,0,PHISHING
2,46.972287252081784,0,0,0,2,0,0,0,0,1,0,50,866,5,0,0,0,2,1,1,1,0,496.63098526326735,4,1,0,BENIGN
1,70.45462211802146,0,1,0,2,0,1,1,0,1,0,40,912,5,1,1,1,2,3,1,0,0,389.4060565820332,3,0,1,PHISHING
2,51.30282898087406,0,0,0,2,0,0,0,0,1,1,29,2297,9,0,0,0,3,7,1,0,0,0.4923078805339003,2,0,1,BENIGN
1,56.4019962806378,0,0,0,2,1,0,1,1,1,1,78,2136,7,0,0,0,1,4,0,0,0,20.54811535137003,4,0,0,BENIGN
2,59.843759018922796,0,0,0,1,0,0,1,1,1,0,86,223,11,1,0,0,0,5,1,0,0,237.6850247899008,2,1,0,BENIGN
5,106.03540955335914,0,0,0,2,0,1,1,1,1,0,49,1732,6,1,1,0,7,10,0,0,0,615.2396115952431,7,0,0,PHISHING
1,38.62839408310363,0,0,0,2,0,0,0,1,0,1,77,1081,10,0,1,0,0,5,0,0,0,721.5398460052738,4,0,0,BENIGN
1,52.12045632694803,0,NAN,0,2,1,0,1,1,0,1,77,1470,2,0,0,0,2,2,1,0,0,0.0,4,0,0,BENIGN
0,56.86209182535121,0,0,1,2,0,0,1,1,1,0,80,1209,1,0,0,1,0,2,0,0,0,371.5879067478879,2,0,1,BENIGN
3,NAN,1,0,0,2,0,0,1,1,1,0,74,663,1,0,0,1,2,5,0,0,0,292.8682150740618,5,0,0,BENIGN
2,51.717205750840655,0,0,0,2,0,0,0,0,1,1,20,1631,11,0,0,0,0,6,1,0,0,710.8075367752707,2,1,0,BENIGN
0,42.712162013214616,0,0,0,2,0,0,0,1,1,1,64,1257,0,1,0,0,3,2,0,0,0,612.8509766696938,3,0,1,BENIGN
5,82.86173995129822,1,0,0,3,1,1,1,0,0,1,69,254,18,1,0,0,5,0,1,0,1,366.22607490579344,7,0,0,PHISHING
1,52.65902193400276,0,0,1,1,1,0,1,0,0,1,75,1707,13,0,0,1,7,8,1,1,0,383.48346697825593,7,0,0,PHISHING
1,80.84475216047322,0,0,0,4,1,1,1,0,0,0,54,94,5,0,1,1,4,14,1,0,1,25.875553435615302,5,0,0,PHISHING
5,65.21619832311453,0,1,1,1,0,1,1,1,1,0,35,405,9,1,1,1,6,2,1,1,0,292.77165984507974,4,1,0,PHISHING
0,57.6657778572798,0,0,0,2,0,0,1,1,1,1,21,607,3,0,1,0,1,1,1,0,0,339.00131222820244,3,1,0,BENIGN
0,42.787069796394704,0,0,0,2,0,1,0,1,1,0,28,384,11,0,0,0,1,5,1,0,0,443.8071758707309,3,1,0,BENIGN
2,21.547830781969672,0,0,0,1,0,0,0,1,0,1,63,656,1,0,1,0,3,4,1,0,0,462.462477054426,5,1,0,BENIGN
4,77.15106875409364,1,0,0,1,1,0,1,0,1,0,68,109,2,1,1,1,1,12,1,1,0,0.0,6,1,0,PHISHING
0,70.91025321246278,0,0,0,2,1,1,0,1,1,0,15,2236,6,0,0,0,0,5,0,0,0,216.51517463581186,3,1,0,BENIGN
1,70.61959730872871,1,0,0,2,1,1,0,0,1,0,49,1204,2,1,1,0,2,9,1,0,1,195.76880460207195,8,0,0,PHISHING
2,92.36897155138259,1,0,0,3,1,0,1,1,0,0,40,1257,16,1,1,0,1,2,1,1,0,241.1270334570852,4,1,0,PHISHING
3,23.643983469014096,0,0,0,2,0,0,1,1,0,1,92,402,4,0,0,0,2,2,0,1,0,144.29335876998067,2,0,0,BENIGN
3,40.540149559535465,0,0,0,2,0,0,0,1,1,1,62,688,5,0,0,0,2,6,0,0,0,306.62845190094185,4,1,0,BENIGN
2,43.44767597901059,NAN,0,1,1,0,1,1,1,1,1,60,768,0,0,0,0,1,1,0,0,0,469.88328819396804,4,1,1,BENIGN
0,72.31948276219663,0,0,0,2,0,0,0,0,1,1,45,1757,9,0,0,1,3,4,1,0,0,216.3540574548949,3,1,0,BENIGN
0,35.18575084968667,0,0,0,2,0,0,0,1,1,1,57,748,7,0,1,0,1,4,0,0,0,195.32195625000645,3,0,0,BENIGN
4,108.9567601001331,1,0,0,4,1,1,1,1,0,0,97,200,14,1,1,1,2,11,1,1,1,494.3080500492196,5,1,0,PHISHING
5,71.54396101153505,0,0,1,3,0,1,1,0,1,0,77,1441,18,0,0,0,0,10,0,1,0,385.4100460137905,3,1,1,PHISHING
3,82.27312627561945,1,1,1,4,1,1,1,0,1,1,82,1130,2,1,1,0,7,12,1,0,0,0.0,7,0,0,PHISHING
4,81.30622518371104,0,0,0,1,0,0,1,1,1,0,24,996,6,0,0,0,0,6,0,0,0,135.50016480375905,4,1,0,BENIGN
2,56.86202581768484,0,0,0,1,0,0,0,1,0,1,85,643,8,0,1,0,3,5,1,0,0,98.77807157445005,2,0,0,BENIGN
5,65.4963853964003,1,1,0,3,1,1,1,0,0,0,77,274,13,0,1,0,8,3,1,0,0,0.0,4,0,1,PHISHING
2,29.871959370853382,0,0,0,1,0,0,0,1,1,1,32,1563,10,1,0,0,3,2,1,0,0,505.8329805930652,3,0,0,BENIGN
1,55.71594723945988,0,0,0,2,0,0,0,1,1,1,91,1019,6,0,0,1,0,1,1,0,0,232.54117102410058,5,0,1,BENIGN
1,84.90803864844385,0,1,0,1,0,0,1,0,0,0,65,132,3,1,1,1,3,3,0,0,1,445.2860311811927,8,1,0,PHISHING
5,113.10875403496739,1,1,1,1,1,0,1,0,0,0,36,1028,2,1,1,1,1,4,1,1,0,0.0,5,1,1,PHISHING
0,37.92335949542496,0,0,0,2,1,0,0,0,0,1,60,1520,7,0,0,0,3,2,1,0,0,155.12663711870027,3,1,1,BENIGN
4,32.6662497406452,0,0,0,2,0,0,0,1,0,1,64,2458,3,0,1,0,3,7,1,0,0,89.35973527815258,5,1,0,BENIGN
1,112.13808171966178,0,0,1,2,1,1,1,0,0,0,90,523,18,1,1,1,1,9,1,0,0,116.48864514902166,8,0,0,PHISHING
3,10.0,0,0,0,2,1,0,0,1,0,1,47,1578,2,0,0,0,2,4,1,0,0,829.7601227119042,4,0,1,BENIGN
2,37.19117380716884,1,1,0,2,1,0,1,1,0,1,66,2280,1,0,1,0,2,0,0,0,0,224.0549961978824,5,1,0,BENIGN
6,76.24143810190404,1,0,0,1,0,0,1,0,0,1,102,309,6,0,1,1,0,13,0,1,0,321.39086127538974,7,0,1,PHISHING
1,33.08795564961864,0,0,0,2,0,0,1,1,1,1,56,1885,8,0,0,0,2,2,1,0,0,6.055332380024481,4,1,0,BENIGN
3,44.81873023817599,0,0,0,1,1,0,1,1,1,1,86,250,4,0,1,0,3,7,1,0,0,149.35658714429508,3,1,0,BENIGN
1,75.79027472918837,0,0,0,1,1,0,1,1,1,1,52,492,0,0,0,0,2,0,0,0,0,248.26032599823316,2,0,1,BENIGN
3,85.88604324265819,1,0,0,3,0,1,0,0,1,0,72,1423,5,1,1,0,7,2,0,0,0,49.488609933541255,8,0,1,PHISHING
1,33.51697083855431,0,0,0,2,0,0,0,0,1,1,76,982,5,1,0,0,1,2,0,0,0,45.55133317148034,5,1,0,BENIGN
2,48.48254834439384,0,0,0,1,0,0,1,1,1,0,41,1754,0,1,0,0,0,0,1,0,0,136.66324863254195,4,1,0,BENIGN
6,78.98697064322255,0,0,0,2,1,1,1,1,1,0,65,236,19,1,0,1,7,6,0,0,1,538.5899643672237,3,1,1,PHISHING
1,78.47924719395941,1,0,1,3,1,0,1,1,1,0,27,989,18,1,1,1,3,1,1,0,0,402.4202553046882,4,0,0,PHISHING
7,40.11817191620436,1,1,0,1,1,1,1,0,0,0,74,1344,17,1,1,1,0,9,0,1,1,16.05320035951246,3,0,0,PHISHING
0,72.71737519434069,0,0,0,NAN,1,0,1,1,1,1,43,2449,7,0,0,0,1,2,1,0,0,314.120391270972,4,0,0,BENIGN
5,106.0529036541317,0,1,0,1,1,1,1,1,0,0,48,1574,5,1,1,1,6,2,1,0,1,0.0,6,0,1,PHISHING
6,91.96617671076942,1,0,0,2,0,1,1,1,1,1,34,127,15,1,1,1,7,4,1,1,0,332.6727795560986,4,0,1,PHISHING
1,18.83121019538711,0,0,0,1,1,0,0,1,1,1,74,2283,10,0,0,0,0,1,1,0,0,276.3487720675195,2,1,0,BENIGN
2,43.96293097910791,0,0,0,2,0,0,1,1,1,0,62,1226,5,0,0,0,2,4,0,0,0,366.3729868908421,3,0,0,BENIGN
0,32.22694216221348,1,0,0,2,0,0,1,1,0,1,30,2109,1,0,0,0,2,2,0,0,0,332.2045335085161,4,1,0,BENIGN
2,78.01914386567455,1,1,0,1,1,1,1,0,0,1,25,1514,12,1,1,0,2,9,0,1,0,284.6973522672591,5,0,0,PHISHING
6,81.54560318978815,0,1,1,1,1,1,1,1,1,1,53,330,12,1,1,1,7,9,1,1,0,119.82084416050043,4,0,0,PHISHING
5,90.84065878110785,1,1,1,4,1,1,0,0,0,0,84,1480,9,1,0,0,3,14,0,0,0,256.7220551732647,6,0,0,PHISHING
5,73.4308653833317,0,0,0,1,1,1,1,1,0,0,38,1736,6,0,1,1,3,2,0,1,0,534.671210413338,8,0,0,PHISHING
2,48.43817061172603,0,1,0,2,0,1,1,0,1,1,65,1379,4,0,0,0,3,1,1,1,0,374.49852464798187,5,1,0,BENIGN
2,39.57344283833743,0,0,0,2,0,0,1,0,1,1,19,154,4,0,0,0,3,7,0,0,0,172.50305356832786,4,1,0,BENIGN
3,125.51911671937563,0,0,0,3,1,1,1,0,0,0,98,409,5,1,0,0,6,3,1,0,0,0.0,6,1,0,PHISHING
7,77.4166811681877,1,1,1,2,1,1,1,0,1,1,94,1361,4,0,0,1,8,0,0,0,0,0.0,4,0,0,PHISHING
4,76.96098583421967,1,0,0,2,1,1,1,1,1,1,81,956,12,1,0,0,8,0,0,0,0,0.0,7,1,1,PHISHING
0,41.42739384038002,0,0,0,1,0,0,1,1,1,1,84,497,4,0,0,0,1,7,0,0,0,252.27836250009545,5,1,0,BENIGN
3,45.17139083340989,1,0,0,1,0,0,0,1,1,1,19,861,8,0,0,0,2,6,1,0,0,197.81307532093618,2,1,0,BENIGN
3,56.09119008451421,0,0,1,1,0,0,0,0,1,0,76,2107,5,0,0,0,2,3,0,0,1,230.69623938102998,2,1,0,BENIGN
0,15.137820073140034,0,0,0,1,0,1,0,1,1,0,57,208,9,0,0,0,0,5,1,0,0,70.51897142606137,5,1,0,BENIGN
7,112.24162030592342,1,0,0,3,0,1,1,0,1,1,63,1191,10,0,0,1,2,9,0,0,0,419.6296832275732,3,0,0,PHISHING
4,83.60017520754828,0,1,1,1,0,0,1,0,0,0,75,1509,16,1,1,1,0,12,1,0,0,442.3291337155555,7,0,1,PHISHING
3,17.536412612287045,0,0,0,1,0,0,0,1,1,0,74,1436,3,0,1,0,0,6,1,0,0,273.53263522679487,2,1,0,BENIGN
2,32.04982102890928,0,0,0,2,0,1,0,1,0,0,66,514,2,0,0,0,2,2,0,0,0,151.10748853879429,4,0,0,BENIGN
7,71.48436278586944,1,0,0,3,0,1,1,0,1,1,82,1147,5,1,1,0,0,0,1,0,0,0.0,6,0,0,PHISHING
2,98.10570714326124,0,1,0,3,1,1,1,1,1,0,37,639,16,1,1,1,6,5,0,1,0,0.0,6,0,0,PHISHING
4,22.791952311524756,0,0,0,1,0,0,1,1,0,1,91,444,3,0,0,0,3,7,0,1,0,0.0,3,1,1,BENIGN
4,41.19933646577977,0,0,0,2,0,0,0,1,0,0,30,801,5,0,0,0,3,0,0,0,0,424.1905034502968,4,1,0,BENIGN
6,88.0241115175681,0,0,0,4,1,1,1,1,0,0,80,1674,9,1,1,0,3,11,0,0,0,0.0,6,1,0,PHISHING
3,75.30914074558967,1,1,0,1,0,1,1,0,0,0,65,707,14,1,1,0,1,0,1,1,0,0.0,5,0,1,PHISHING
3,56.85112235789572,0,0,1,4,1,1,1,1,1,0,66,856,15,1,1,0,3,13,1,1,0,111.39682971072946,7,0,0,PHISHING
2,87.6894702391692,1,0,0,2,0,0,0,0,0,1,42,89,9,1,0,0,5,5,1,1,0,281.7194321295872,6,0,1,PHISHING
1,109.25444079521753,1,0,1,1,1,1,1,1,0,0,83,1518,13,1,1,1,8,7,1,1,0,349.92327566188504,3,0,0,PHISHING
1,87.63804835007211,1,0,0,3,1,1,1,1,0,0,47,1727,11,0,0,0,5,7,0,0,0,60.90856087453207,5,1,0,PHISHING
6,53.692794027579765,0,0,0,4,1,1,1,0,0,1,36,1504,8,1,1,1,3,4,0,0,0,0.0,6,0,1,PHISHING
4,40.617432212946674,0,0,0,1,0,0,0,1,1,0,38,592,1,0,0,0,3,6,0,0,0,380.6451849205647,2,0,0,BENIGN
1,69.2051331768227,0,1,0,2,1,1,1,1,1,0,89,1182,4,1,0,0,4,2,0,1,0,233.21275348684907,8,0,0,PHISHING
2,42.305828792528125,0,0,0,1,0,1,0,1,1,1,45,1969,3,0,0,0,0,1,1,1,0,225.61433666660162,2,1,0,BENIGN
2,121.28968429614972,0,0,1,1,1,0,1,1,0,0,100,141,14,0,1,0,6,3,0,0,0,188.2018018640211,6,1,1,PHISHING
0,40.726739004261375,0,0,0,1,0,0,1,1,1,1,85,449,5,1,0,0,3,7,1,0,0,234.78825093971125,5,1,0,BENIGN
2,24.376562874450272,0,0,0,2,0,0,1,1,1,0,42,1300,7,0,1,0,1,6,0,1,0,355.6754189730489,5,0,0,BENIGN
5,101.5242765991706,0,1,0,4,1,0,1,0,1,0,83,948,14,1,0,0,4,6,1,0,0,1.7827784013590815,8,0,0,PHISHING
3,47.288437681537026,0,0,0,1,0,1,1,1,1,1,90,2354,1,0,0,1,1,2,0,0,0,0.0,5,0,0,BENIGN
7,67.87448078401393,1,0,0,2,0,1,1,0,0,0,95,1311,12,1,1,0,0,4,0,1,0,131.25662062737376,5,0,0,PHISHING
6,124.01438175470312,0,0,0,1,0,0,1,0,1,0,100,1228,6,0,1,1,3,8,1,1,1,445.75013006138533,8,0,0,PHISHING
2,60.48092755804267,0,0,1,3,1,0,0,1,1,1,87,773,2,1,0,1,3,8,1,1,0,339.23970088870175,3,0,0,PHISHING
5,93.19209217569856,1,1,1,1,1,1,1,1,1,1,97,614,8,1,1,1,5,6,0,0,0,137.36902192543306,8,0,0,PHISHING
1,22.550419651450106,0,0,0,1,0,0,1,1,0,1,42,1689,0,0,0,0,1,6,1,0,0,0.0,5,0,1,BENIGN
2,66.82568364406066,1,0,0,2,1,0,0,0,1,1,87,1709,0,0,0,0,3,5,1,0,0,238.32615094632538,2,0,0,BENIGN
1,81.36561005264599,0,1,0,3,1,0,1,1,0,0,27,748,4,1,0,1,0,12,0,0,0,361.67729283444055,7,0,0,PHISHING
2,62.396964823947464,1,0,0,3,0,1,1,0,0,0,31,1560,18,1,1,1,3,10,0,0,0,438.66091833139564,5,0,0,PHISHING
1,61.58990054860947,0,0,0,2,0,1,1,1,1,1,61,229,6,0,1,0,1,1,1,0,0,45.33774384682155,5,0,0,BENIGN
2,45.001265896371216,0,0,0,1,0,1,0,1,1,1,33,1048,1,0,0,0,0,2,0,0,0,359.49736676449686,3,0,0,BENIGN
5,43.94661875917616,0,0,0,3,1,0,1,0,1,0,36,549,10,1,0,0,5,4,0,1,0,379.2491950896281,5,0,1,PHISHING
4,57.25163800801187,0,0,0,2,0,0,0,1,1,0,84,2206,11,0,0,0,3,3,1,0,0,318.720452471942,4,0,1,BENIGN
3,53.095692790285035,0,0,0,1,1,1,1,1,0,0,68,412,6,0,1,0,8,1,1,0,0,62.46946059478286,5,0,1,PHISHING
0,51.72149045904305,0,0,0,2,0,0,0,0,0,1,89,970,2,0,0,0,2,7,0,0,0,310.57330290030706,4,0,1,BENIGN
0,40.73454242939857,1,0,0,2,0,0,1,1,1,1,44,709,7,1,0,1,1,1,1,0,0,137.19231812413523,2,1,0,BENIGN
4,52.202151050874164,0,0,0,1,0,0,0,0,0,1,72,349,2,0,0,0,3,5,1,0,0,242.12918793796146,3,1,0,BENIGN
3,61.624393147211265,1,1,0,2,1,1,1,0,0,0,88,200,12,0,0,0,1,14,1,1,0,139.49609152669098,8,0,1,PHISHING
4,48.62466782515127,0,0,0,2,0,0,1,0,1,0,38,1333,11,0,0,0,2,2,0,0,0,267.04975427188725,2,0,1,BENIGN
4,29.473828289390386,0,0,1,2,0,1,0,1,1,1,46,1417,1,0,0,0,1,3,0,0,0,291.4677939225637,5,1,1,BENIGN
6,46.371727372208966,1,0,0,3,1,1,1,1,0,0,53,1053,12,1,1,1,6,2,0,1,0,0.0,3,0,0,PHISHING
6,99.6918884490713,1,0,0,2,0,1,0,0,1,1,99,1341,3,0,1,0,6,5,1,1,0,311.8636601156222,6,1,0,PHISHING
5,77.58909983129922,1,0,1,4,0,1,1,0,1,1,94,941,9,0,0,1,3,7,0,0,0,175.6534034233228,8,0,0,PHISHING
5,54.52952258762797,0,0,0,2,1,1,1,0,1,0,43,1236,17,0,0,0,8,9,0,1,0,87.44090943282878,8,1,0,PHISHING
4,28.953713830654653,0,0,0,1,0,0,0,0,1,1,38,1610,7,0,0,0,3,7,0,0,0,247.6178298228363,4,1,0,BENIGN
5,80.2649333048376,0,0,0,3,1,0,1,0,1,0,25,410,5,1,1,0,7,11,1,1,1,0.0,6,0,0,PHISHING
4,76.24918201190556,0,1,0,1,1,1,1,0,1,1,53,1252,5,1,0,1,3,9,1,1,0,170.71936277356647,6,0,0,PHISHING
4,71.96391783651472,0,0,0,2,0,0,0,1,0,1,39,807,2,0,0,0,0,6,0,0,0,131.69077625017172,5,1,0,BENIGN
4,70.7081233678709,0,0,0,4,1,1,1,1,1,1,45,333,10,1,0,0,5,2,1,1,0,680.6342446690887,4,0,1,PHISHING
3,80.49582380176648,1,0,1,3,1,1,1,0,0,0,47,1140,3,1,1,1,8,12,1,0,0,327.1214883625581,7,0,0,PHISHING
6,88.67498521156463,0,1,0,2,1,1,1,0,0,1,99,461,11,1,1,0,0,10,1,0,0,0.0,5,0,0,PHISHING
4,71.1197475749604,0,0,1,4,1,0,1,1,0,0,70,253,10,0,1,1,3,8,0,0,0,383.50632369027517,7,0,0,PHISHING
2,41.01241812126931,0,0,0,1,0,0,1,1,0,0,76,1185,9,0,0,1,3,6,0,0,0,282.1209978758884,2,1,0,BENIGN
4,57.94551959422034,0,0,0,2,1,0,0,0,1,1,31,1497,16,0,1,0,4,10,0,0,0,19.722824947394656,6,0,0,PHISHING
4,47.07362148088023,0,0,0,2,1,0,0,1,1,1,24,1394,8,0,0,1,0,4,1,0,0,298.3816790029732,3,0,0,BENIGN
6,118.3020181481968,0,0,1,2,1,1,0,1,0,0,65,785,15,0,0,0,0,7,1,1,1,0.0,3,0,1,PHISHING
6,74.56097567222417,1,1,0,1,0,1,1,0,1,0,61,1625,12,1,1,1,7,11,1,1,0,329.2408837315238,3,0,0,PHISHING
7,67.84882857101442,1,0,0,1,1,1,1,1,0,0,85,354,9,0,1,0,3,4,0,0,1,11.088250362266706,4,0,1,PHISHING
3,61.027073339835574,0,0,0,2,0,0,0,1,1,1,50,404,0,0,1,1,2,2,0,0,0,223.2504356482646,3,1,0,BENIGN
4,30.568633254875593,0,0,0,2,0,0,0,1,1,1,37,391,4,0,0,1,2,3,0,0,0,246.66027738274036,2,1,1,BENIGN
7,121.56605856940999,1,0,0,4,0,1,1,0,0,0,95,544,16,1,1,1,1,1,0,0,1,550.6131405630138,3,0,1,PHISHING
0,36.133448622133415,0,0,0,1,0,0,0,1,1,1,50,425,0,0,0,0,0,4,1,0,0,218.29752188670523,2,0,0,BENIGN
3,43.77618345472319,0,0,0,1,0,0,1,1,1,1,18,397,0,0,0,1,1,3,0,0,0,178.7253886867162,3,1,0,BENIGN
2,31.46365357811231,0,0,0,2,0,0,0,1,1,NAN,32,481,8,0,0,0,3,5,0,1,0,350.8617003693209,5,1,0,BENIGN
7,66.56789626147966,0,1,1,4,0,1,1,1,0,0,95,1043,19,1,0,0,1,12,0,0,1,552.3496978572175,8,0,0,PHISHING
3,37.669692419479865,0,0,0,2,0,0,1,0,0,0,82,1533,9,0,1,1,8,5,0,0,0,69.74692116414275,3,1,0,PHISHING
1,86.03077413147193,0,0,0,4,1,1,1,1,1,0,31,888,17,0,0,1,1,3,0,0,0,95.61702569075888,4,0,0,PHISHING
7,79.48753980921609,0,0,0,1,1,1,1,0,0,0,104,174,15,0,1,1,3,6,0,0,0,0.0,4,0,1,PHISHING
0,59.997363703654415,0,0,0,1,0,0,0,1,0,1,15,1565,6,0,0,0,0,4,1,0,0,9.763975394682717,2,1,0,BENIGN
2,49.439909845306495,0,0,0,1,0,0,0,1,1,0,78,1470,4,0,0,1,2,2,1,0,0,334.9024268862682,4,0,0,BENIGN
1,55.52930439331905,0,0,0,2,1,0,1,1,0,1,46,1352,7,1,0,0,2,3,1,0,0,206.5802551878983,5,0,0,BENIGN
4,54.22885150452842,0,0,0,2,0,0,1,0,0,0,43,1890,5,0,0,0,0,3,0,0,0,191.5807273957093,3,1,0,BENIGN
2,58.52645779421272,0,1,1,4,0,1,1,0,0,0,46,98,5,0,1,0,5,1,1,0,0,135.26068935851166,7,0,0,PHISHING
4,43.032937046949826,0,0,0,1,0,0,0,1,1,1,67,1228,4,0,0,0,0,4,0,1,0,180.5813635769631,2,1,0,BENIGN
1,96.02689200427905,1,0,0,4,1,0,1,0,1,1,38,649,17,0,1,1,7,3,1,1,0,339.0531378924459,8,0,0,PHISHING
1,132.06622556631788,1,0,0,4,0,1,1,1,0,1,100,1701,3,0,1,1,2,0,1,0,0,262.6012383933437,7,1,1,PHISHING
2,87.51148177082237,1,0,0,1,0,1,1,1,0,1,47,410,11,1,1,0,7,3,1,0,0,301.59260965621604,7,0,0,PHISHING
1,50.12333326410764,0,0,0,1,0,0,1,1,1,1,60,840,0,0,1,0,1,1,0,1,0,586.9766045165078,5,0,0,BENIGN
1,76.57134405281974,1,0,0,4,1,1,1,1,0,0,74,1431,10,1,1,0,0,0,1,0,0,0.0,6,0,0,PHISHING
4,48.94123837720708,0,0,0,2,1,0,1,0,0,1,91,670,1,1,1,0,2,0,0,0,0,497.95566172140695,2,0,0,BENIGN
2,33.26375499057831,0,0,0,1,0,0,0,1,1,1,24,2074,1,1,0,0,2,2,1,0,0,0.0,5,0,0,BENIGN
3,57.14803511999864,0,0,0,1,1,0,1,0,1,0,50,926,13,1,1,1,7,14,0,1,0,189.53170387186043,3,1,1,PHISHING
1,17.528908736773147,0,0,0,1,0,0,0,1,1,1,23,2062,4,0,0,0,3,7,0,0,0,41.50819778124256,3,1,1,BENIGN
4,48.05082360929915,0,0,0,2,0,0,0,1,1,1,81,1597,5,0,0,1,3,7,0,0,0,179.12041116122828,4,1,1,BENIGN
3,114.71721629023426,1,0,0,1,1,1,0,0,1,0,63,1552,19,0,1,1,7,6,1,0,0,375.66521929505257,8,0,0,PHISHING
6,77.28755173742834,1,0,1,2,1,1,1,0,1,1,28,629,19,1,1,0,5,10,0,0,0,485.77939406606765,3,0,0,PHISHING
2,74.87497114007488,1,0,1,2,1,1,1,0,0,0,43,175,5,1,1,0,1,8,0,1,1,0.0,3,0,0,PHISHING
4,101.63044360212322,0,0,1,3,0,1,1,1,1,0,81,246,7,1,0,0,2,7,0,0,1,116.86062988520099,6,0,1,PHISHING
7,56.02246034558575,0,0,1,2,1,0,1,1,0,0,79,1155,16,1,0,0,6,11,1,1,0,280.24884475209063,4,0,0,PHISHING
1,36.84756738101048,0,0,0,2,0,0,0,1,1,0,29,1384,0,0,0,1,1,5,0,0,0,0.0,5,1,0,BENIGN
7,99.11460283291478,1,0,0,4,1,1,1,1,0,0,25,1334,2,1,1,1,0,3,0,0,1,1.5747066323690717,8,0,0,PHISHING
2,19.70297773148847,0,1,0,2,0,0,1,1,0,1,69,692,8,0,1,1,3,4,0,0,0,626.9019392029893,2,0,0,BENIGN
0,47.66094171955411,0,0,0,2,0,0,0,1,0,0,82,425,7,1,0,1,2,0,0,0,0,109.26963283368173,4,1,0,BENIGN
4,51.890786575749175,0,0,0,1,0,0,0,1,1,0,28,885,3,0,0,1,0,5,0,0,0,354.2551860908177,2,1,0,BENIGN
2,63.925065731821576,0,0,0,4,0,1,1,1,0,1,75,188,15,0,1,0,8,8,1,0,0,0.0,4,0,0,PHISHING
4,127.91068703692704,0,1,0,4,0,1,1,0,0,1,67,1609,19,0,0,1,3,10,1,1,0,188.99023008243893,4,0,0,PHISHING
1,57.31956248768997,0,0,0,3,1,1,1,0,1,1,91,355,18,1,1,1,2,12,0,1,0,0.0,6,0,0,PHISHING
5,49.507065420589235,1,0,0,2,1,0,1,1,0,0,41,918,3,1,1,1,8,9,0,1,0,63.61592391860111,8,0,0,PHISHING
2,76.2002971873236,0,1,1,1,0,1,1,0,1,0,25,862,7,1,1,1,1,11,0,1,1,319.1922570702268,5,0,1,PHISHING
3,45.8741149640317,0,0,0,2,0,0,1,0,1,1,42,2213,10,1,0,0,3,6,1,0,0,34.399895843768604,5,1,0,BENIGN
1,10.34844845051034,0,0,0,1,0,0,0,1,0,0,18,2420,1,1,0,0,2,1,1,0,0,476.0955685575143,3,0,0,BENIGN
0,23.808511741614502,0,0,0,1,0,0,0,0,1,1,54,399,9,0,0,0,1,6,1,1,0,0.0,2,0,0,BENIGN
7,95.67802292120305,0,0,0,2,1,0,1,0,0,1,50,1628,11,1,1,1,7,10,1,0,0,221.344076598867,7,0,0,PHISHING
2,107.53396456867232,0,0,1,3,1,1,1,1,0,1,99,888,16,1,1,0,7,8,1,0,0,691.7472205724168,7,0,0,PHISHING
2,50.89021565726724,1,0,1,1,1,1,0,0,0,0,57,889,13,1,0,1,4,6,0,0,1,205.02562599608962,3,0,1,PHISHING
1,55.089009651325085,0,1,1,2,0,1,1,1,1,0,68,1793,9,0,1,0,7,1,1,0,1,296.3666068341363,3,0,0,PHISHING
0,48.73554183460413,0,0,0,1,0,0,0,1,1,1,28,1267,2,1,0,1,0,0,0,0,0,466.79324877261877,2,1,0,BENIGN
2,31.341376741178273,0,0,0,1,0,0,1,1,1,1,56,753,2,0,0,0,3,7,0,0,0,526.061145546161,2,0,1,BENIGN
1,53.226418812446994,0,0,0,2,0,0,1,1,1,0,40,1704,5,0,0,0,1,0,1,NAN,0,483.84624499495294,4,1,0,BENIGN
0,50.892412023898785,0,0,1,1,0,0,1,1,1,0,27,1832,11,0,1,0,1,5,0,0,0,0.0,5,1,0,BENIGN
2,33.84617656781154,0,0,0,1,0,0,0,1,1,0,73,1815,3,0,0,0,1,2,1,0,0,0.0,3,0,0,BENIGN
6,95.34602335354587,1,0,0,4,1,1,1,0,0,1,94,1379,11,0,1,1,3,6,1,0,0,235.84654184770056,5,0,0,PHISHING
6,64.23049175016016,0,0,1,3,1,0,1,0,1,0,79,1681,10,1,1,1,3,10,1,0,0,184.27800711176172,5,0,0,PHISHING
2,51.5945490902549,0,0,0,2,0,0,0,0,1,0,36,2125,2,0,0,0,3,6,0,0,0,191.25559202642523,5,0,0,BENIGN
2,80.44182468580051,1,0,1,1,1,1,1,0,0,0,91,826,11,0,1,1,7,13,1,0,0,381.42424796343005,8,0,0,PHISHING
0,42.16133488595392,0,0,0,1,0,1,0,1,1,1,25,1535,5,0,0,0,2,0,1,0,0,161.98406564990023,5,1,0,BENIGN
3,68.43273597625331,1,0,0,3,0,1,1,1,0,0,88,1681,8,1,1,0,0,10,0,0,0,0.0,8,0,1,PHISHING
0,65.03676504480349,0,1,0,2,0,0,1,0,0,1,57,1419,0,0,0,0,2,2,1,0,0,465.235005017583,4,0,0,BENIGN
1,36.91843023573385,0,0,0,2,0,0,1,1,0,1,59,858,1,1,0,0,1,1,0,0,0,0.0,3,1,1,BENIGN
4,47.5794049865559,0,0,0,2,0,0,0,1,1,0,69,1180,2,0,0,0,3,5,0,0,0,140.82328323942812,4,1,0,BENIGN
3,67.2218332148846,0,0,0,2,0,0,1,1,1,1,42,169,1,1,0,0,3,7,1,0,0,430.3410162644713,3,1,0,BENIGN
3,57.05377529067903,0,0,0,2,0,0,1,1,0,1,87,815,8,0,0,0,3,5,1,0,0,173.2944413556409,3,1,0,BENIGN
2,22.847132747314024,0,0,0,2,0,0,0,0,1,1,90,2014,7,0,0,0,1,7,0,0,0,862.9456075789552,3,0,0,BENIGN
0,54.3762780187223,0,0,0,1,1,0,0,NAN,1,1,56,1218,3,0,0,0,3,6,0,0,0,89.89857988086627,2,0,0,BENIGN
3,54.98377854470144,NAN,0,0,1,0,0,1,1,1,1,92,663,10,0,0,1,1,6,0,0,0,9.336134125904522,5,0,1,BENIGN
3,63.187782552474005,0,0,0,2,0,0,0,1,1,0,34,2115,2,0,0,0,0,3,1,0,0,55.13461267661782,5,1,1,BENIGN
2,123.53241623535071,1,0,0,3,1,0,1,0,0,0,90,486,15,0,1,0,8,11,0,0,0,328.53701160148364,5,0,0,PHISHING
7,102.14743399608508,0,0,0,4,1,1,1,0,0,0,63,876,14,1,1,1,1,3,1,1,0,0.0,5,1,0,PHISHING
2,66.05548581712596,1,1,1,2,0,0,1,0,0,1,99,1281,5,1,0,0,4,12,0,0,1,295.77170404056716,5,0,1,PHISHING
6,120.17243927464702,1,0,0,2,1,1,1,1,1,0,94,1038,11,0,1,1,3,11,1,0,1,203.25086604495175,7,1,0,PHISHING
7,92.6382752189104,0,0,0,3,1,1,1,0,1,0,35,1012,6,0,0,1,7,7,1,0,0,0.0,7,0,0,PHISHING
3,57.8519097384979,0,0,0,2,0,0,0,1,1,1,39,651,3,0,0,0,0,0,0,0,0,394.64791643845587,4,0,0,BENIGN
2,146.82539509808686,0,0,0,1,1,0,1,0,0,0,54,1362,10,0,1,1,3,1,0,0,0,0.0,3,0,0,PHISHING
1,42.86995178388718,0,0,0,2,0,0,1,1,1,1,90,1343,9,0,0,0,1,1,1,0,0,142.148503675836,5,1,1,BENIGN
6,138.8549558339234,0,0,1,2,1,0,1,0,0,0,53,581,13,0,1,1,7,14,1,0,0,0.0,7,0,0,PHISHING
7,85.71176977773568,1,0,0,1,1,1,1,1,1,0,83,241,14,1,0,0,5,1,1,0,0,173.51931198004465,5,0,0,PHISHING
7,82.4846559333718,0,1,0,4,1,1,1,1,0,0,46,358,14,0,0,0,0,4,0,0,0,123.60090958065452,7,0,0,PHISHING
7,79.71250634757868,0,0,1,2,1,0,1,1,0,0,97,1473,15,1,0,1,0,5,0,1,1,0.0,4,0,1,PHISHING
4,21.156487600365466,0,0,0,1,0,0,1,1,1,1,56,2070,4,1,1,0,2,7,1,0,0,0.0,3,0,0,BENIGN
6,91.22177691916143,1,0,0,4,0,0,1,0,1,0,73,208,6,0,1,0,0,13,0,1,0,85.88954365293029,5,0,0,PHISHING
1,56.580337723657394,1,0,0,2,1,0,0,0,0,1,25,1592,11,1,1,0,6,14,0,1,0,164.7845406789817,4,0,1,PHISHING
1,68.01190425429324,0,0,0,2,1,1,1,0,0,1,92,1789,10,1,1,0,0,13,1,0,0,0.0,6,0,1,PHISHING
3,99.36786817789981,0,0,0,1,1,1,0,0,1,1,79,430,8,1,1,1,2,3,1,1,1,247.0050095398587,3,0,0,PHISHING
5,83.65995730348847,0,0,0,2,1,1,1,0,0,0,50,1134,13,0,1,0,5,6,0,0,0,120.85950161295139,8,0,0,PHISHING
3,69.04763830814947,1,0,0,2,1,1,1,1,1,0,33,274,16,1,1,0,4,2,1,1,0,53.23008324154897,4,0,0,PHISHING
3,98.33678781534813,0,0,0,2,1,1,1,1,0,1,103,85,7,0,1,1,6,4,1,1,0,449.60407371607135,3,0,1,PHISHING
5,90.12866772271045,0,0,1,2,0,0,0,1,1,0,81,NAN,4,1,1,0,3,12,0,1,0,401.41467828464124,3,0,0,PHISHING
0,10.0,0,0,0,2,0,0,0,1,1,1,49,1040,7,0,0,0,2,6,1,0,0,403.93730332454356,3,0,0,BENIGN
7,31.125869487497376,0,0,NAN,3,1,0,1,0,1,1,43,439,14,1,0,0,6,2,0,0,0,0.0,5,0,1,PHISHING
5,57.96733859009403,1,0,0,1,1,1,1,0,1,0,67,1650,4,1,0,1,1,12,1,1,0,0.0,8,0,0,PHISHING
1,21.585624705083358,0,0,0,2,0,0,0,1,1,1,83,945,6,1,0,0,2,3,1,0,0,252.6387311962881,3,1,0,BENIGN
3,65.39838906305422,1,1,0,3,0,0,1,1,1,0,33,1128,12,1,1,1,5,14,0,0,1,274.5930070637117,8,0,0,PHISHING
1,38.46888790584057,0,0,0,2,0,0,1,1,1,0,74,797,10,1,0,0,2,0,1,0,0,70.45852020494979,5,0,0,BENIGN
0,11.290971669887163,0,0,0,1,0,0,0,1,0,1,55,2392,4,0,0,0,2,5,1,0,0,333.1958511789468,2,1,0,BENIGN
2,48.49317030205753,0,0,0,1,0,0,1,1,1,0,37,1245,2,1,0,0,1,2,1,1,0,0.0,4,0,0,BENIGN
1,63.370056379183524,1,0,0,1,1,1,1,1,1,0,30,1299,14,1,1,1,1,7,0,1,0,0.0,6,0,0,PHISHING
0,39.91112274173977,0,0,0,1,0,0,1,0,1,1,56,1541,1,0,0,0,1,1,1,0,0,180.74207193456846,5,0,0,BENIGN
4,85.49376057648404,0,1,0,1,1,1,1,0,1,1,80,1394,10,1,0,0,6,12,0,1,0,0.0,5,0,0,PHISHING
4,45.5246675607439,0,0,0,2,1,1,1,1,0,0,71,1198,12,1,1,0,5,0,1,0,0,169.53166997370712,6,0,1,PHISHING
5,82.73484293347057,1,1,0,3,1,1,1,0,1,0,66,1763,16,1,1,0,5,9,0,0,0,135.5762450133325,7,0,0,PHISHING
1,55.70730204723599,0,0,0,1,0,0,0,1,1,1,45,492,11,0,0,0,2,1,1,0,0,237.3640343667137,2,1,0,BENIGN
6,75.78591124184422,1,0,1,4,1,0,1,0,0,1,63,666,19,0,1,1,2,14,0,1,0,0.0,5,0,0,PHISHING
4,98.09912025685112,1,0,0,3,1,0,1,1,0,1,54,1524,16,1,0,1,7,8,1,0,1,583.3671723930685,7,0,0,PHISHING
3,60.957772991015375,0,0,0,1,0,0,1,1,1,1,44,713,8,0,0,0,3,7,1,0,0,0.0,4,1,0,BENIGN
5,117.02469197931558,1,0,0,2,1,1,1,0,0,0,28,1426,11,0,0,0,7,9,1,0,0,239.71858123621124,3,0,0,PHISHING
5,63.84947179269096,0,0,1,2,0,1,1,1,0,0,74,1148,8,1,0,1,3,2,0,0,0,230.9222552505917,7,0,0,PHISHING
3,43.93979427521893,0,0,0,1,0,0,1,1,1,0,86,646,3,1,0,0,3,2,0,0,0,363.7911212747868,3,1,0,BENIGN
3,46.406311988842596,1,0,0,2,1,1,1,1,1,0,85,1079,5,1,1,1,4,9,1,0,1,325.31200385253203,6,1,0,PHISHING
0,28.443889533269893,1,0,0,2,0,0,0,1,1,0,80,1863,0,0,0,0,3,7,1,0,0,667.5428072590308,4,1,0,BENIGN
5,105.93692032264534,1,0,0,1,0,0,1,1,0,1,97,892,9,0,1,1,1,2,1,0,0,430.1777621587223,8,1,0,PHISHING
2,46.87930041790196,1,1,0,4,1,1,1,0,0,1,87,1075,6,1,1,1,0,4,0,0,0,239.37901325671646,6,0,0,PHISHING
0,36.336916689665244,0,0,0,2,0,1,1,0,1,1,43,1940,4,0,0,0,0,7,0,0,0,494.53829651417846,3,0,0,BENIGN
0,58.42777472957529,0,0,0,1,0,1,1,1,0,1,28,519,11,1,0,1,1,1,1,1,0,296.91809364608855,3,1,0,BENIGN
2,64.50967100350714,0,1,0,2,1,0,1,0,1,0,61,1358,11,1,1,0,0,3,1,0,0,563.9363678056654,6,1,0,PHISHING
5,20.799271317348357,0,0,0,4,1,0,1,1,0,0,36,790,8,1,1,0,6,7,1,1,1,377.3733763936058,8,0,1,PHISHING
1,70.13854063006713,1,1,1,2,1,0,1,0,1,1,65,1047,8,1,0,0,5,9,1,0,0,0.0,3,0,0,PHISHING
3,38.36196432161724,0,0,1,1,1,0,1,0,0,1,79,1123,6,0,0,0,0,6,1,0,0,0.0,3,0,0,BENIGN
3,66.76768273531596,0,0,0,1,1,0,1,0,1,0,41,463,9,0,0,0,2,5,1,1,0,213.43002053814143,4,1,0,BENIGN
0,65.43963959705012,0,0,0,2,0,0,0,1,0,1,74,347,5,0,0,0,3,6,0,0,0,0.0,2,1,0,BENIGN
3,74.05846743644275,0,0,0,1,1,0,1,1,1,0,94,714,11,1,0,0,0,6,0,0,0,212.41699466139895,5,1,0,BENIGN
2,150.27690571023157,0,0,0,4,1,1,1,1,1,0,52,1764,12,1,0,0,7,6,0,0,0,53.80264110443409,4,0,0,PHISHING
3,50.06533507341315,1,0,0,4,1,1,1,0,0,0,50,1243,15,0,0,0,5,9,1,1,0,636.3937215456615,7,0,0,PHISHING
2,26.76163613843804,1,0,0,1,0,0,0,1,0,1,78,1953,10,0,0,0,1,0,1,0,0,265.7604480944883,3,0,0,BENIGN
4,26.66438531190145,0,0,1,1,0,1,0,1,1,0,88,377,0,0,0,0,2,6,0,0,0,501.9555713807145,5,1,0,BENIGN
7,68.23172734956489,1,1,0,1,1,1,1,0,0,0,59,1442,11,0,1,0,2,4,1,0,0,185.8963584708542,6,0,1,PHISHING
3,112.19984417429428,1,0,0,2,1,0,0,0,1,0,53,780,9,1,1,0,0,6,0,1,0,401.73432034997825,4,0,0,PHISHING
7,103.26641514530296,0,0,0,2,0,0,1,0,1,1,63,323,11,1,1,1,1,6,0,0,0,123.14283742567625,8,0,0,PHISHING
1,155.57793528167863,0,0,0,2,0,1,1,0,0,1,26,1773,6,0,0,0,8,10,1,0,0,276.9963960972036,4,0,0,PHISHING
7,89.55744455844963,0,1,0,2,0,1,1,1,0,0,76,1606,4,1,0,0,7,1,1,1,0,178.40756316623532,8,0,1,PHISHING
6,132.8171163738383,0,0,0,2,0,0,1,0,1,1,81,999,4,0,0,0,2,6,0,0,1,228.57327585488062,6,0,0,PHISHING
1,86.41037155064626,0,0,0,2,1,1,1,0,0,0,82,603,9,0,1,0,2,14,1,0,0,398.1085423003978,8,0,0,PHISHING
3,82.57136012491972,0,0,1,4,0,1,1,0,1,1,51,1450,6,1,1,1,7,12,1,0,0,513.6628179195011,8,0,0,PHISHING
4,93.7585258612867,1,0,0,4,1,0,1,1,0,0,93,391,7,0,0,0,5,6,1,0,0,109.21315758560716,4,0,0,PHISHING
2,84.71338945849656,1,0,1,1,1,1,0,1,1,0,27,536,12,0,1,0,8,6,1,0,0,0.0,3,0,0,PHISHING
2,66.04308992692484,0,0,1,3,1,0,1,0,0,0,92,1680,17,1,0,1,5,14,1,1,0,403.51413147058463,5,0,0,PHISHING
2,108.30298813138361,0,0,1,4,1,1,1,0,1,0,51,656,7,1,1,1,6,1,0,1,1,304.0829952956364,4,1,1,PHISHING
3,83.76214470668992,1,0,0,4,1,0,1,0,1,0,80,1512,19,1,1,0,8,11,1,0,0,0.0,3,0,1,PHISHING
3,114.3421512686399,0,0,0,4,1,0,1,0,0,0,41,162,10,0,1,1,7,5,0,0,0,0.0,6,0,1,PHISHING
3,27.41989211107776,0,0,0,1,0,0,1,1,1,1,62,720,4,1,0,0,0,5,1,0,0,109.68229848900174,3,0,1,BENIGN
0,42.44388628253694,0,0,0,2,0,0,0,1,1,1,75,1633,0,1,1,1,2,5,0,0,0,273.47315021926255,3,1,1,BENIGN
3,116.91992974236189,0,0,1,1,1,1,1,1,1,1,77,184,8,1,1,1,1,4,0,0,1,663.7365297523886,4,1,0,PHISHING
3,57.30792713126128,1,0,0,1,0,1,0,1,1,0,64,397,11,0,0,0,1,3,0,0,0,304.4603461103501,5,1,0,BENIGN
3,52.02221361689956,0,0,0,4,1,1,1,0,0,0,80,1632,7,0,0,0,8,6,1,1,0,381.4701905324979,3,0,0,PHISHING
0,62.86714429633298,1,0,0,2,0,0,1,0,1,1,40,1427,5,0,0,0,2,5,0,0,0,182.5425984316086,5,0,0,BENIGN
2,102.89255851647619,0,0,0,4,1,0,1,0,0,0,87,804,13,0,1,0,5,7,0,0,0,301.53586706936835,4,1,0,PHISHING
0,56.24150849591611,0,0,1,2,0,0,0,0,1,1,93,1792,10,0,0,0,3,6,0,0,0,0.0,3,0,0,BENIGN
6,89.57624002042837,1,0,0,4,1,0,1,1,1,1,92,370,5,1,1,1,7,10,1,0,0,363.8042328309856,6,0,0,PHISHING
6,77.46872067696937,1,0,0,1,1,0,1,0,0,0,56,752,2,0,1,0,1,5,0,0,1,320.2412066530062,5,0,0,PHISHING
4,89.07405303312464,0,0,1,2,1,1,1,1,0,1,71,494,16,0,1,0,8,5,0,1,1,0.0,4,0,0,PHISHING
4,123.59466827958875,0,0,1,1,1,0,1,1,1,0,38,804,5,1,1,0,0,5,0,1,0,626.5944212514099,5,0,0,PHISHING
4,94.15119493747946,1,0,0,4,0,1,1,1,0,1,29,1515,18,1,1,0,2,1,0,1,0,300.6386665862241,8,0,0,PHISHING
3,30.084111237524112,1,0,1,1,1,1,1,0,0,0,44,930,8,1,0,1,0,12,1,1,0,0.0,7,0,0,PHISHING
1,62.32968054160044,1,0,0,2,0,0,0,1,0,1,37,1721,4,0,0,0,1,6,1,0,0,341.9489398897644,3,1,0,BENIGN
3,66.74049683171845,1,1,1,3,0,1,1,1,0,1,40,330,19,1,1,0,4,12,0,0,0,309.7248772498705,4,1,0,PHISHING
0,53.71165642994695,0,0,0,2,0,0,1,1,1,1,81,1471,9,0,0,1,0,7,0,0,0,352.90650507489113,3,NAN,0,BENIGN
7,88.90661078845527,1,0,1,2,0,1,1,1,0,0,26,1207,3,0,0,1,0,2,1,1,0,269.64211330158633,6,0,0,PHISHING
1,130.2677915729594,0,1,0,4,0,0,0,0,0,0,34,678,14,1,0,0,7,4,0,0,0,124.951066264015,8,0,0,PHISHING
1,97.87360242679769,0,0,0,4,1,0,1,1,0,0,46,679,16,0,1,1,5,1,1,1,0,0.0,7,0,0,PHISHING
3,44.14568188179707,0,0,0,2,0,0,1,0,1,0,23,1482,5,0,1,0,2,4,1,0,0,276.2831996391429,3,1,0,BENIGN
4,98.01583545636313,0,0,1,3,1,1,1,1,0,0,100,477,16,0,1,1,7,6,1,0,0,193.4356404019067,4,0,1,PHISHING
4,103.84452046837492,0,1,1,2,1,0,1,0,0,0,100,454,7,1,1,1,1,12,1,1,0,339.61640446426077,7,0,0,PHISHING
3,50.75065669773706,0,0,0,2,0,0,0,1,1,1,43,1388,6,0,0,1,0,3,1,0,0,172.4428248060098,5,1,1,BENIGN
1,40.70665575238996,0,0,0,2,1,0,0,1,1,0,34,525,4,0,0,1,3,0,0,0,0,108.63032499014017,4,1,0,BENIGN
4,112.68259147759784,1,0,1,3,1,1,1,0,0,0,83,1736,7,1,0,0,8,13,1,1,0,222.76996552544108,5,0,1,PHISHING
0,22.583915702710403,0,0,0,2,0,0,0,NAN,1,0,89,259,9,0,0,0,1,4,1,0,0,201.15267365911225,3,1,0,BENIGN
2,100.14527002842797,0,1,0,4,1,1,1,1,0,1,30,513,4,0,1,0,7,6,1,1,1,512.8402981038115,4,1,0,PHISHING
3,85.06288291147727,0,0,0,4,0,1,0,1,0,0,29,508,7,0,0,1,5,13,0,0,0,0.0,8,0,1,PHISHING
0,49.7086231718633,1,0,1,1,0,0,0,1,0,0,58,522,4,0,0,0,1,7,1,0,0,203.08069805779417,2,0,0,BENIGN
2,72.5537029248197,0,0,0,1,0,0,0,1,1,1,84,867,0,0,0,0,1,1,1,0,0,287.9987150315689,2,1,0,BENIGN
2,110.80982228776725,1,0,1,3,1,1,1,0,0,0,41,1046,12,1,1,1,6,13,0,1,0,510.9819166451699,5,0,1,PHISHING
7,124.25627184029675,0,0,0,4,1,1,1,0,0,0,63,1678,16,1,0,0,4,14,0,1,1,0.0,5,0,0,PHISHING
1,81.77729309831251,1,0,0,2,0,1,1,0,0,0,93,768,13,1,1,1,6,1,0,1,0,623.2382635373722,5,0,0,PHISHING
7,82.86025483472987,1,0,1,3,0,0,1,0,0,0,36,1346,5,1,1,0,7,8,1,0,1,90.7941816325282,3,0,1,PHISHING
6,44.749180151472956,1,0,0,2,0,0,0,0,1,0,87,1144,19,1,0,1,7,2,0,1,1,160.28025988501454,4,0,0,PHISHING
3,58.66363555475607,0,0,0,2,1,1,1,1,0,0,70,1445,13,1,1,0,7,10,0,1,0,127.06248244076477,3,0,0,PHISHING
6,118.57818054334737,0,0,0,4,1,0,1,1,0,0,31,1117,14,1,1,0,3,0,0,1,0,177.6608349578781,5,0,1,PHISHING
3,43.84414230412992,0,1,0,2,1,0,1,0,1,0,44,659,10,1,1,0,7,8,1,1,0,299.87219830601117,5,0,1,PHISHING
3,49.5655009354539,0,0,0,2,0,0,0,1,1,1,50,1001,6,0,0,0,0,6,1,1,0,85.63862001707955,5,1,0,BENIGN
5,143.15480340785695,0,0,0,3,0,0,1,0,0,0,97,1195,8,1,1,0,8,10,1,0,0,215.1438206987695,3,0,0,PHISHING
3,54.622758527674165,1,0,0,3,1,0,1,0,1,1,59,433,10,1,1,1,3,5,1,0,0,259.67552747191064,3,1,0,PHISHING
3,105.36571284040792,0,0,0,1,1,1,1,1,0,0,67,910,17,1,1,1,2,14,0,1,0,213.35903945867352,3,0,0,PHISHING
2,39.14304075805785,0,0,0,1,0,0,1,1,1,0,66,1224,7,0,0,0,3,0,1,0,0,353.21521526781,3,1,0,BENIGN
4,58.96257339525794,0,0,0,1,0,1,1,1,0,0,34,176,11,0,0,0,3,2,1,0,0,0.0,3,1,0,BENIGN
4,41.22033932689672,0,0,0,1,0,0,1,1,1,1,54,1017,7,0,0,0,0,4,0,0,0,24.215128801400255,4,0,0,BENIGN
0,50.787698288347514,1,0,0,1,0,0,1,1,1,1,58,915,8,0,0,0,0,5,0,0,0,0.0,5,0,0,BENIGN
7,49.46555641812514,1,0,1,3,0,0,1,0,0,1,50,843,4,1,1,0,5,9,0,0,0,0.0,7,0,1,PHISHING
5,106.83338281780728,0,0,0,2,1,1,1,1,0,1,74,1277,13,1,0,0,8,11,1,0,0,402.7141117545349,4,0,0,PHISHING
1,64.8099248329225,0,0,0,1,0,0,0,1,1,1,94,2220,0,0,0,0,3,0,1,0,0,267.7853740876084,5,0,1,BENIGN
3,14.947165619002291,0,0,1,2,0,0,0,0,1,1,92,970,3,0,1,1,1,5,1,0,0,597.5084865974188,5,0,0,BENIGN
4,34.17662949685729,0,0,0,1,0,0,1,1,1,1,83,1716,6,0,0,0,2,3,1,0,0,573.3818397508026,4,1,0,BENIGN
6,40.48119511570097,1,0,0,2,1,0,1,0,0,0,59,433,4,0,NAN,1,0,10,1,0,0,301.78581895648097,7,0,1,PHISHING
2,47.77988474123073,0,0,0,1,0,0,1,0,1,1,82,2152,8,0,0,1,3,2,0,0,0,362.70644213948276,3,1,0,BENIGN
3,53.2310822829619,0,0,0,1,0,0,0,1,1,1,75,1079,1,0,0,1,0,3,1,0,0,219.93651011472164,2,0,0,BENIGN
7,96.54394512308029,1,0,0,2,1,0,1,1,1,0,58,1344,5,1,1,1,2,5,1,0,0,0.0,5,1,0,PHISHING
1,45.48161510956402,0,0,0,1,0,0,1,1,0,0,30,1588,11,0,1,0,1,7,0,0,0,429.82469679982245,2,1,0,BENIGN
2,30.883168561125625,1,0,0,1,0,0,0,0,1,0,64,309,7,0,0,0,2,3,0,0,0,110.45908587245094,3,0,0,BENIGN
1,44.73655760283831,0,0,0,2,1,0,0,1,1,1,40,1997,2,0,0,0,2,3,0,0,0,557.931814593983,3,1,0,BENIGN
7,69.71020407988946,0,0,1,4,0,1,1,0,1,1,95,491,5,1,0,0,8,3,0,0,0,763.076658676471,4,1,0,PHISHING
0,40.34274035706085,0,0,0,2,0,0,0,0,1,1,21,144,5,0,0,0,3,3,0,0,0,87.22735882965071,5,1,0,BENIGN
2,121.21005181589032,1,1,0,3,1,1,1,0,0,1,72,1536,18,0,0,0,2,3,1,1,0,547.7542227846744,7,0,0,PHISHING
4,62.81587639892905,0,0,0,1,0,0,0,1,1,0,54,853,10,1,1,0,1,1,0,0,0,176.65896357098455,2,0,0,BENIGN
1,64.64326027290791,1,1,0,2,0,0,1,1,1,1,83,1044,10,0,0,0,3,1,0,0,0,0.0,2,1,1,BENIGN
1,29.206522339440767,0,0,0,2,0,0,0,1,1,1,69,1803,6,0,0,0,0,1,1,0,0,0.0,4,1,0,BENIGN
4,41.83964978455265,0,0,0,2,0,0,0,1,1,1,48,2140,8,0,0,0,0,0,1,0,0,405.4093192973763,5,1,0,BENIGN
6,92.30298151115375,0,0,0,4,1,0,1,0,0,0,27,680,17,1,1,0,0,3,0,0,0,187.54728487757095,4,0,0,PHISHING
2,64.93440885655484,0,0,0,1,0,1,1,0,1,1,66,630,3,0,0,0,0,7,0,0,0,553.8167353465764,5,1,1,BENIGN
6,141.9134923360693,1,0,0,1,1,1,1,0,1,1,25,1077,9,1,0,0,2,13,0,0,0,255.6879258242363,5,0,0,PHISHING
6,74.21761305190624,0,0,0,3,1,1,0,1,0,0,71,1408,8,1,1,1,6,10,1,0,0,0.0,7,0,0,PHISHING
1,73.42650332102016,0,0,0,4,1,0,1,0,0,1,62,826,11,1,0,0,3,8,1,0,0,413.0304561201673,3,0,1,PHISHING
2,56.28825064062478,0,0,0,3,0,0,1,0,0,1,75,1531,13,0,1,0,8,0,1,0,0,0.0,5,0,0,PHISHING
2,64.50066892048437,0,0,0,2,0,1,1,1,1,0,17,2406,8,1,0,0,2,6,0,0,0,0.0,4,1,0,BENIGN
1,45.1920634862547,1,0,0,3,0,0,0,1,0,0,45,1487,2,1,1,1,2,7,0,1,0,390.7301863192258,3,0,0,PHISHING
3,39.357658931548514,0,0,0,1,0,0,0,1,1,0,69,1199,8,0,1,0,3,0,1,0,0,146.9519511736201,3,1,1,BENIGN
0,34.42990105695176,0,0,0,2,0,1,0,1,1,0,19,1785,8,0,1,0,0,2,1,0,0,0.0,4,0,0,BENIGN
0,51.816305073215446,0,0,0,2,0,0,0,1,0,1,50,2230,0,0,0,1,3,3,1,1,0,145.49780823838785,5,1,1,BENIGN
3,47.37178627357664,0,0,0,2,0,0,1,1,1,0,77,2320,0,0,1,0,2,0,1,0,0,107.00533400609112,2,1,0,BENIGN
1,49.03370171517901,0,0,0,1,1,0,0,1,1,0,21,1679,5,0,0,0,3,2,0,1,0,0.0,3,1,0,BENIGN
1,29.391840912636983,1,0,0,1,0,0,0,1,0,0,25,2407,4,0,0,1,0,4,0,0,0,115.52123106119518,5,0,0,BENIGN
7,94.79594374826226,0,1,0,3,1,0,1,1,1,1,66,518,18,0,1,0,5,4,1,1,0,117.75101425510906,8,0,1,PHISHING
0,44.612057280692156,0,0,0,1,0,0,1,1,1,1,65,1255,7,0,0,0,2,5,1,1,0,361.789457444965,5,0,0,BENIGN
3,137.6397009210376,0,0,0,1,1,0,1,1,0,1,94,1527,11,1,1,1,4,9,0,0,0,291.59928736986683,4,0,1,PHISHING
1,47.64768632058671,0,0,0,1,0,0,0,0,1,1,63,1650,8,0,0,0,0,5,1,0,0,139.1107382986574,3,1,0,BENIGN
1,81.39270742239914,1,0,1,2,0,0,1,1,0,0,41,679,11,0,1,0,7,5,1,1,0,292.6937764304147,8,1,1,PHISHING
1,10.0,1,1,0,1,0,1,1,1,1,1,86,991,8,1,0,0,3,6,0,0,0,251.4436913450353,3,1,0,BENIGN
5,57.281268339934925,1,0,0,2,1,0,1,1,0,0,56,1043,6,1,0,0,2,9,1,0,0,0.0,3,0,0,PHISHING
6,123.20665918022462,1,0,0,4,0,1,0,1,0,1,65,1452,19,0,1,1,5,2,1,0,0,38.77347221299965,8,0,1,PHISHING
1,49.401693284748546,1,0,0,4,0,1,1,1,1,1,100,326,8,1,1,1,5,8,0,0,1,264.52712617800455,8,0,0,PHISHING
2,10.0,0,0,0,2,0,0,1,1,1,1,93,1772,6,0,0,0,1,7,0,0,0,148.81619170346963,5,1,1,BENIGN
1,95.87461505329485,1,0,1,1,1,0,0,0,1,1,96,631,2,0,1,1,8,13,0,0,0,0.0,3,0,0,PHISHING
2,40.36990416680381,0,0,1,1,0,0,0,0,1,1,58,471,0,0,0,0,0,3,0,0,0,415.105081475815,5,1,0,BENIGN
7,78.05506735204308,1,1,0,4,1,0,1,1,0,1,50,704,16,1,1,0,8,12,0,1,0,395.2509892308682,6,1,0,PHISHING
0,60.73760432162024,0,0,0,1,0,0,0,0,1,1,65,348,11,0,0,0,3,4,0,0,0,137.07070675762074,3,1,1,BENIGN
2,31.272658262311108,0,0,0,1,0,0,0,1,0,0,25,1378,9,0,0,0,2,0,0,0,0,328.563705242982,5,1,0,BENIGN
1,119.76365634223369,0,0,0,2,0,0,0,1,0,0,74,332,13,1,1,0,3,4,1,0,0,230.7114245948717,7,0,1,PHISHING
5,76.30782912111302,1,0,0,4,1,1,1,0,0,1,71,802,13,0,1,0,5,4,1,0,0,0.0,3,0,0,PHISHING
5,70.09019875541406,0,1,0,3,1,1,1,1,0,0,75,1388,14,0,1,0,4,8,0,0,0,21.472507985543928,6,0,0,PHISHING
2,46.492162095236075,0,0,0,1,0,0,1,1,0,1,19,1204,2,0,0,0,3,6,0,1,0,124.99919076010555,2,0,0,BENIGN
4,39.85820773703431,0,0,0,1,0,0,0,1,0,0,70,1969,8,0,0,0,0,7,0,0,0,226.43878249181554,2,1,0,BENIGN
3,52.81750883598169,0,0,0,2,0,0,1,1,1,0,33,2121,8,1,0,1,3,5,1,0,0,627.1383331571178,2,1,1,BENIGN
4,69.3220528917072,1,0,0,3,1,1,1,0,0,0,33,1565,12,0,0,1,2,3,0,0,0,0.0,6,1,0,PHISHING
5,72.39657967406741,0,0,0,1,1,0,1,0,0,0,86,674,12,1,1,1,4,9,1,1,0,608.3886970575209,3,0,1,PHISHING
3,39.94012256897241,0,0,0,2,0,0,0,1,1,0,48,2079,0,0,0,0,1,1,1,0,0,499.71315615148114,5,0,1,BENIGN
5,84.50902593762392,0,0,0,2,1,1,1,1,1,0,57,1664,3,1,1,1,4,1,1,0,0,247.66455846305678,7,0,0,PHISHING
4,29.665795775290057,0,1,1,1,0,0,1,1,1,1,73,987,5,0,0,0,0,6,1,0,0,137.10225530520847,4,1,0,BENIGN
1,85.27041298556337,0,0,0,3,0,1,1,0,0,0,25,1292,9,1,1,0,6,11,1,1,0,269.0308651828022,6,0,0,PHISHING
4,77.22126423801609,0,1,0,2,1,1,1,1,0,0,73,783,10,0,1,0,0,9,0,0,0,80.53455082979018,7,0,0,PHISHING
3,21.276084008190864,1,0,0,1,0,0,0,1,1,1,81,584,4,0,0,0,1,0,0,0,0,0.0,4,1,0,BENIGN
5,NAN,1,0,0,4,1,0,1,1,1,0,72,749,13,1,1,0,6,1,0,0,0,388.3240888575343,5,0,1,PHISHING
0,38.92096101826002,0,0,0,1,0,0,0,1,1,0,19,1793,8,0,0,0,2,2,1,0,0,330.0788800091449,4,0,0,BENIGN
3,76.93870668042447,0,0,0,1,0,0,1,1,0,1,34,600,1,1,0,0,2,6,0,0,0,230.53385809229786,3,1,1,BENIGN
3,79.90272602833463,0,1,1,1,1,1,1,0,0,1,89,1447,12,0,0,1,7,10,0,1,0,36.01307766470154,4,0,0,PHISHING
3,68.54606909463487,0,1,0,3,1,1,1,0,0,0,61,1552,15,1,1,0,4,9,1,1,0,0.0,5,0,0,PHISHING
5,83.19511158508234,1,0,0,4,0,1,0,0,0,0,77,134,18,1,0,1,1,10,0,0,1,277.69632256896284,8,1,1,PHISHING
4,56.2630348309689,0,0,0,1,1,0,0,1,1,1,49,1693,11,0,0,0,3,0,1,0,0,243.5077861826039,3,1,0,BENIGN
1,61.71888666866066,0,1,0,2,0,1,0,1,1,1,86,817,5,0,0,0,1,3,0,0,0,0.0,3,0,1,BENIGN
4,28.31382792024873,0,0,0,2,0,0,1,1,1,1,62,1599,6,0,0,0,1,3,0,0,0,419.6983698153203,3,0,1,BENIGN
1,135.434068430641,1,1,0,3,0,1,1,1,0,0,77,590,5,1,0,0,5,0,0,1,0,0.0,8,0,0,PHISHING
3,72.39474761749122,1,1,0,2,1,1,1,0,1,1,97,1150,11,0,0,1,7,13,1,0,0,0.0,6,0,1,PHISHING
4,56.77266054912202,0,0,0,2,0,0,0,1,1,1,72,997,4,0,0,0,2,0,0,0,0,229.52370399024386,5,1,0,BENIGN
2,30.54542333446794,0,0,0,1,0,0,0,1,1,1,42,1981,3,0,0,0,0,2,1,0,0,555.4772058311496,3,0,0,BENIGN
2,53.07051659892377,0,0,0,1,0,0,0,1,1,1,47,1328,5,1,0,0,2,5,0,0,0,524.6176265212309,4,0,0,BENIGN
4,45.491731393143915,0,0,0,1,1,0,0,1,1,1,18,1657,4,0,0,0,3,5,1,0,0,379.60900829620664,2,1,0,BENIGN
4,40.59331619771805,0,0,0,1,0,0,1,1,1,1,27,221,10,0,1,0,1,5,1,0,0,380.7327967229643,4,1,0,BENIGN
5,92.06646975574752,0,1,1,4,1,0,1,0,0,0,95,1483,16,1,1,1,3,7,1,1,0,536.6166655308258,3,0,0,PHISHING
4,75.13312737152658,1,0,0,2,1,1,1,0,1,1,95,1354,5,1,1,0,3,4,1,0,0,145.25304345678933,8,0,0,PHISHING
1,48.531725524648955,0,0,0,2,0,0,1,0,0,1,68,1270,2,1,0,0,2,1,1,0,0,182.0035798206425,5,1,1,BENIGN
7,106.84845635465012,0,0,0,4,0,1,1,0,0,0,99,1419,3,0,1,0,7,4,1,1,0,358.8739088291163,5,0,0,PHISHING
2,44.14825208410963,0,0,0,2,0,0,0,1,1,1,16,1057,7,0,0,0,0,2,1,0,0,377.4304830620974,2,0,0,BENIGN
3,51.52149111699928,0,0,0,1,0,0,1,1,1,1,16,534,6,0,1,1,1,0,1,0,0,93.52850639652789,2,1,1,BENIGN
3,26.33292318598387,0,0,0,1,0,0,1,0,1,1,20,2426,5,0,0,0,2,7,1,0,0,210.22149262298677,5,0,1,BENIGN
4,90.50884582017402,1,0,0,3,1,0,1,1,1,0,50,575,7,1,0,0,4,6,0,0,0,0.0,5,0,0,PHISHING
4,69.16405492517842,0,0,0,1,0,1,0,0,1,1,34,1928,0,0,0,0,1,7,0,0,1,423.16144298655496,3,1,0,BENIGN
4,55.02489027161995,0,0,0,2,0,0,0,0,1,1,22,228,8,1,0,0,0,6,0,0,0,224.75112411304383,4,1,1,BENIGN
1,25.552915078878584,0,0,0,2,0,0,1,1,1,0,94,610,2,0,0,0,2,7,1,0,0,365.20348289689287,4,1,0,BENIGN
7,89.9244951366311,1,0,0,2,1,0,1,0,1,0,71,1571,16,1,1,1,3,11,0,1,0,357.1403962093333,7,0,0,PHISHING
5,86.81564633673062,1,0,0,2,0,1,1,0,0,0,67,1206,11,1,1,1,5,7,0,0,0,364.5372290832586,4,0,1,PHISHING
3,39.46457591580439,0,0,0,4,1,1,1,0,0,1,98,115,10,1,1,0,6,7,1,0,0,0.0,5,0,1,PHISHING
3,74.72326317782955,1,0,0,3,0,0,1,0,0,1,89,677,9,1,1,0,0,6,0,1,0,101.72900637338898,3,0,0,PHISHING
2,56.5097586069184,0,0,0,2,0,0,0,1,0,1,76,379,3,0,0,0,0,0,0,0,0,0.0,5,1,0,BENIGN
5,125.60068578368396,1,0,0,3,1,1,1,1,1,0,77,406,11,1,1,0,5,14,0,1,0,49.32807882210935,8,0,1,PHISHING
7,56.85708647004438,1,1,0,2,1,1,1,0,0,0,94,1085,11,1,1,1,2,7,1,0,0,337.5414268091324,8,0,1,PHISHING
6,60.72651942309001,0,0,1,3,1,1,1,0,1,1,62,1582,6,0,1,0,8,1,0,1,0,458.92892544959295,4,0,0,PHISHING
3,33.3077640491187,0,0,0,2,0,0,0,1,1,0,20,1680,10,0,0,0,3,3,1,0,0,0.0,5,0,0,BENIGN
5,51.27909198957971,0,0,1,2,1,1,1,1,1,0,104,1259,13,1,0,0,4,7,1,0,0,457.9640223811534,7,0,0,PHISHING
7,112.36131878263865,0,0,1,3,0,1,0,0,1,0,41,1499,17,1,1,0,3,1,1,1,0,0.0,3,0,1,PHISHING
7,59.17173541354774,0,0,0,2,1,1,1,0,0,0,30,160,5,0,1,0,6,9,0,1,0,383.0049351913183,3,0,1,PHISHING
2,73.46022502135159,1,1,0,1,1,1,1,1,0,0,25,576,3,1,1,1,6,14,1,0,0,356.26120300495893,4,0,0,PHISHING
1,43.0337002396841,1,0,0,1,0,0,1,1,1,1,74,369,6,1,0,0,1,3,1,0,0,0.0,4,0,0,BENIGN
4,80.04481454750835,0,1,0,2,1,1,1,1,0,1,38,530,16,0,1,0,7,8,1,1,0,135.62811542335845,7,0,1,PHISHING
1,84.31598774888806,1,1,0,4,1,1,1,0,1,0,94,1048,5,1,0,0,7,9,0,0,0,0.0,3,0,0,PHISHING
3,39.73571426673033,0,0,0,2,1,0,1,1,0,1,75,185,8,0,0,0,1,0,1,0,0,859.0651184022291,3,0,0,BENIGN
7,116.86602890488491,0,1,1,4,0,0,1,0,0,1,70,1193,12,1,1,0,2,13,1,0,0,130.84043061200873,7,0,0,PHISHING
5,99.44189072167481,0,0,1,3,1,1,1,1,0,1,41,1593,4,1,0,1,0,4,1,1,0,315.9890687007777,8,1,0,PHISHING
3,21.992078926257935,0,0,1,2,1,0,0,1,1,1,88,1795,0,0,0,0,2,7,0,0,0,231.86383107842792,2,1,0,BENIGN
3,55.28623552911993,0,0,0,2,0,0,1,1,1,1,69,746,0,0,0,0,0,7,1,1,0,178.56118438385622,5,0,0,BENIGN
2,89.50323609514528,0,0,0,4,1,1,1,0,1,0,46,338,9,1,1,0,6,9,0,1,0,250.11818471115123,7,1,0,PHISHING
7,99.14528930217067,1,0,1,4,0,1,1,1,1,1,26,399,7,1,0,1,1,3,1,0,0,356.65815812605524,6,0,0,PHISHING
3,74.2647564377366,0,0,0,2,1,1,1,0,0,1,88,1757,5,1,0,0,3,1,1,0,0,563.6335235233412,6,0,1,PHISHING
0,59.033206881977236,0,0,0,1,1,0,0,0,1,1,21,1012,1,0,1,0,1,1,1,0,0,0.0,4,0,0,BENIGN
1,52.073077838177085,0,0,0,2,0,0,1,0,1,1,25,710,10,1,0,0,2,6,1,0,0,406.08963612201404,3,1,0,BENIGN
1,33.697086294639334,0,0,0,2,0,0,1,1,1,1,20,2489,1,1,0,0,3,7,0,0,0,240.85728550666317,3,1,0,BENIGN
0,29.53779419593269,0,0,0,2,0,0,0,1,1,1,76,1054,3,0,1,0,2,1,0,0,0,608.4783756807785,2,0,0,BENIGN
4,39.093882416631416,0,0,0,1,0,0,1,0,1,1,80,458,9,0,0,0,1,3,1,0,0,120.09850195273421,5,1,0,BENIGN
2,69.43405421435988,0,0,0,1,0,0,0,1,1,1,91,621,0,0,0,1,0,0,0,0,0,140.16682834038096,4,1,1,BENIGN
3,126.15013317469464,1,0,0,3,0,1,1,0,1,1,92,1558,14,1,0,1,6,11,0,1,0,0.0,6,0,0,PHISHING
3,58.92445487352727,0,0,0,1,0,1,0,1,1,1,48,1379,10,0,0,0,0,2,1,0,0,362.05966871202065,2,0,0,BENIGN
0,29.391209212313505,0,0,0,1,0,0,0,1,1,1,54,2160,1,0,0,0,1,5,1,1,0,0.0,5,1,1,BENIGN
3,92.97077210927183,0,0,0,3,0,0,1,0,1,0,52,86,16,0,1,0,5,3,1,1,1,241.3481601585202,7,0,0,PHISHING
0,31.964291282028263,0,0,0,2,0,0,1,0,1,1,85,2210,8,0,0,0,3,7,1,0,0,39.889400785695216,3,1,0,BENIGN
4,49.172155896819405,0,0,0,2,0,0,0,1,0,1,56,487,8,0,0,0,3,1,0,0,0,76.02593548784088,5,0,1,BENIGN
2,27.35077920856047,0,0,0,2,0,0,0,1,1,1,64,2381,7,0,0,1,3,6,0,0,0,354.54396390322546,4,1,0,BENIGN
5,77.68423255968199,0,0,0,1,1,1,1,0,0,1,43,1235,14,1,0,0,2,8,1,0,0,0.0,6,0,0,PHISHING
1,53.34800164126895,0,0,0,2,0,0,0,1,0,1,92,1044,0,0,0,1,2,6,0,0,0,378.95299391459776,4,1,0,BENIGN
3,112.432362081753,0,0,0,4,1,1,1,0,1,0,51,1711,18,1,1,1,4,4,0,1,0,63.92181561514083,7,0,0,PHISHING
2,57.62730100335093,0,1,0,2,0,0,0,1,1,1,34,1296,3,0,0,0,3,4,0,0,0,378.94495081284174,4,0,0,BENIGN
4,65.06768292689016,1,0,0,1,0,1,1,0,1,1,102,884,12,0,1,1,0,13,1,0,0,524.2270382016106,5,0,0,PHISHING
7,88.979753422168,1,0,0,4,1,1,1,0,1,1,40,1554,17,1,0,1,7,4,1,1,0,0.0,8,0,1,PHISHING
0,46.08050359848867,0,0,0,2,0,0,0,1,1,1,65,2086,10,0,0,0,1,2,0,0,0,0.0,3,0,0,BENIGN
2,25.760480246092175,0,0,0,1,0,0,1,1,1,1,75,1440,6,1,1,0,2,3,0,0,0,574.0212278917288,2,1,0,BENIGN
1,67.66842649915083,0,0,1,2,0,0,1,1,1,1,49,1551,3,0,0,0,2,4,0,0,0,0.0,4,1,0,BENIGN
4,41.32409023213946,0,0,0,2,0,0,0,1,1,1,86,2088,9,0,0,0,0,7,1,0,0,206.1400079498618,5,1,1,BENIGN
2,31.504578202683692,0,0,0,2,0,0,0,1,1,1,27,719,5,1,0,0,0,4,1,0,0,454.3502175303422,5,0,0,BENIGN
3,32.31508450848979,0,0,0,2,0,0,0,1,1,1,69,860,6,0,1,1,3,0,1,0,0,173.61265698323646,3,1,0,BENIGN
0,54.712270360642115,0,0,0,2,0,0,0,1,1,0,56,1825,10,0,0,0,0,5,0,0,0,65.14686358569159,2,1,0,BENIGN
3,43.124864545206336,0,0,0,1,0,0,0,1,0,0,63,539,1,1,0,0,0,4,1,0,0,0.0,5,1,1,BENIGN
1,143.14779291788284,0,1,1,3,1,1,1,1,0,1,29,1724,15,1,1,1,3,2,1,0,0,474.8217446840279,7,NAN,0,PHISHING
2,36.67009171771476,0,0,0,2,0,0,0,0,0,1,15,1853,1,1,0,0,1,0,0,0,0,351.0112692399253,3,0,0,BENIGN
6,77.3588279288408,1,0,1,4,1,0,1,1,1,0,45,545,13,1,1,0,3,11,0,0,0,158.33040191597507,4,1,0,PHISHING
0,57.41982265195588,0,0,0,1,0,0,1,1,0,0,57,176,5,0,1,0,2,3,1,0,0,132.352074468637,4,1,0,BENIGN
3,67.13923572080263,0,0,0,2,0,0,0,1,0,1,92,1564,1,0,0,0,3,3,0,0,0,717.1991907894535,5,1,0,BENIGN
1,43.708490222684276,0,0,0,1,1,0,1,0,1,1,42,1326,3,0,0,0,3,7,1,0,0,265.3928766503911,5,0,0,BENIGN
3,156.55658943211301,1,0,0,1,1,1,1,0,0,0,101,331,4,0,0,0,0,5,1,0,0,0.0,4,1,0,PHISHING
0,50.815547118930226,0,0,0,2,0,0,0,1,1,1,52,2485,6,1,1,0,1,1,1,0,0,88.08108340888427,3,0,0,BENIGN
4,14.051425847928858,0,1,0,1,1,0,0,0,0,1,27,415,2,1,1,0,0,2,0,0,0,0.0,5,0,0,BENIGN
